Prompt;Generated Sequence;Reference Sequence
GenerateSequence<0.27,0.29,0.25,0.4,0.28,0.28,0.27,0.28>;  AAAASGGAGPSGPAGSGPSEYGPGAGGPGRQGPAPYVPKPMGPGGYGPSGDNGAAAAAAAAAAAAAAAGQGPGGYGPSGPAGAAAAAAAGASGAGGPGRQGPAPYVPKPMGPGGYGPSGDNGAAAAAAAAAAAAAAAGQGPGGYGPSGPAGAAAAAAAGASGAGGPGRQGPAPYVPKPMGPGGYGPSGDNGAAAAAAAAAAAAAAAGQGPGGYGPSGPAGAAAAAAAGASGAGGPGRQGPAPYVPKPMGPGGYGPSGDNGAAAAAAAAAAAAAAAGQGPGGYGPSGPAGAAAAAAAGASGAGGPGRQGPAPYVPRPMGPGGYGPSGDNGAAAAAAAAAAAAAAAGQGPGGYGPSGPAGAAAAAAAGASGAGGPGRQGPAPYVPKPMGPGGYGPSGDNGAAAAAAAAAAAAAAAGQGPGGYGPSGPAGAAAAAAAGASGAGGPGRQGPAPYVPKPMGPGGYGPSGDNGAAAAAAAAAAAAAAAGQGPGGYGPSGPAGAAAAAAAGASGAGGPGRQGPAPYVPKPMGPGGYGPSGDNGAAAAAAAAAAAAAAAGQGPGGYGPSGPAGAAAAAAAGASGAGGPGRQGPAPYVPRPMGPGRYGPSGDNGAAAAAAAAAAAAAAAGQGPSGPGGYGPSGPGGAAAGAAASGPGGQGPYGASQRGPGSY;GAGQGYGAGLGGQGGSGQGGAAAAAAAAGGSGGQGGYGSQGAGQGYGAGQGGAGGAAAAAAAGGAGQGGSGAGQGYGAGLGGQGGAGQGGAAAAAAAAAGGSGGQGGYGSQGAGQGYGSGQGGAGAAAAAAAAGGAGQGGLGAGQGYGAGQGYGAGLGGQGGAGQGGAAAAAAAAGGSGGQGGYGSQGAGAGQGGAGSAAAAAAGGAGQGGSGAGQGYGAGLGGQGGAGQGGAASAAAAAAGGSGDQGGYGSQGAGQGYGAGQGGAGSAAAAAAAGGAGQGGLGAGQGYGAGQGYGAGLGGQGGAGQGGAASAAAVGSGGQGGYGSQGARQGYGAGQGGAAASAAAAAAGGAGQGGLGSGLGYSAGLGGQGGAGQGSAAAAAAGGSGGQGGYGSQGAGRGGYGGGAY
GenerateSequence<0.27,0.29,0.25,0.4,0.28,0.28,0.27,0.28>; TNEISDAGARTGAAGSYDLEGAAIIAGHDQSVSVGTRGSGGSQNPSFSYGGQGKNAGLGAYGPGLIASGPIAGFPYGVDGSKLGGYGQGGRGGYGQGQQGTGQGGVAAAAAAAAASGPGVTGQRGYTEGYASGAATAAIEGNQGPGSYGPSGPQGQISAVTNTGPMAPPQGYGASPHAISQTVASSSPSGRGSTGPQPRPEGFKRETPDQDESGLIIASSGPGERAGFSTAGQAAAAGTGSYGDYPFGAYGPGAAGASSAAVSTAGGTGQVGYGGGPASASAAAPSTPSGPVEKGYPGASVVSAAAADGGRGGYGGLGRGGDSGAAAAAAAGEGNGGRGYGPGGQGPDSGAAAAAAAADGGRGGFGGRGGAGSGAAAAAASGSGGGGDEGYGDRGASGAAAAAAASDGGRGGYGYGGGSGAAAGGAASNGGAHGGGNRAADSTGAYGSGEGNRGASGGAAAAAAAGSSDGGYDQGGYGGPGGSQGSAAAAGGTAREGYGGQGGDRGGAGPSGPGRQ ;NAVSASASAAAGGGGGGGGGGYGAPSYGPSSYGPSQGSSSFSVSVSASGSGQGQSAPAQQGPGGYGPSRQGPSGPGAAAAAAASGPGGQGPSGPSGPGGYGPRSQGPSGPGSQGPSGPGGPGASAAAAAASGPGGYGPGSQGPSGPSGPGGYGPSSQGPSGPGGYGPGSQGPSGPGGAGASAAAAAAAAGGPGGYGPGRQGPSGPSGPGGPGASAAAAAAAAGGPGGYGPGSQGPSGPSGPGGYGPGSQGPSGPGGYGPGSQGPSGPGASAAAAAAAAASGPGGYGPSSQGTAGPSGPGGYGPGSQGPSGPGGYGPGNQGPYGPGASAAAAAAGGPGGYGPGSQGPSGPGSQGPSGPSGPGASAAAAAAAASGPGGYGPGSQGPSGPGAYGPGSQGPGASAAAAAASGPGGYGPGSQGPSGAGY
GenerateSequence<0.26,0.12,0.45,0.64,0.36,0.2,0.16,0.33>; SASASASAGGGGGSGGYGGPSYGGGYGPSGGATVSVSASTAGSGSGSRGPSAPVQQGPGGYGPSGSSAAAAAATSGGQGPSGLGPQGPSGPGGYGPSRGPSGPGGYGPSGGGISGPSGPGSSGPSGPGGYGPSGPGSQGPSGPSGPGGYGPSGSGTGGEGSGGSGPSGPGSQGPSGPGYGPGAGGPSGSGGQGGSGDNGAVSVAGSGAGPGGFGPGGSGPGGYGPGGYGPGGSGPGSASAAAAAANEVESAGGPGGAGGYGSGGYGPGGSGPGGYGPGGSGPGGYGPGGSGPGGYGPGGYGPGGSGGSGSAAASAAASAAAGGAGGSGGYEEIISGPGGYGPGGSGPGGYGPGGYGPGGSGGSGSAAASAAASAAAGGAGGSGGYEEIISGPGGYG;SANDVSGSARGQPGSYSSAAAAASSSQYGPSGYTGPSGPASGPNGPNFSSSATTSTATSQLGSGPNGPFSPAPGSYGPTGPSGQPGQTFSFSSSAVSTSSQTGQSGPSGPTGPSGPVGQGLGPYGSSSSAAVAAASQYGPAAPSGPSGASAPGGPAGPSGPLGQGPVTYGTSSSAAAAAAAASQYGPGPSGPSAPGGPSGPLGQGQGPYGPSSSAARSEEPREDK
GenerateSequence<0.24,0.18,0.36,0.29,0.27,0.1,0.22,0.37>; GPGSQGPYGPQGPGQQGPGQQGPGQQGPGSQGPYGPGGASAAAAAAAASGPGGYGPGSQGPGQQGPGSQGPYGPQGPGQQGRGSQGPYGPGGASAAAAAAAASGPGGYGPGSQGPGQQGPGSQGPYGPQGPGQQGPSGPGSQRPGGVPGGYGPGSQGPSGPGSSASAAAARLSSPSASSRVSSAASSLVSSGPTNGAAVSGALNAQFVSYSALIQIVSQTVQQSIGGAALGQAIALTSGIPAGAGQVPSGPSGPGSQAPGAGAAAAAAAASGPGGQGPYGPGQQGPGSQGPYGPGGASAAVSVSEEQRGQ ;SSSAASASSSAGGGGGGYGPQSPGTSSSAVSVSAPGGYGPGPRGPQGPVSQAQSVSVSAAAPGGYGQGPSQGPQTYGSGPQGPVSQGPAGYVQGPTGSSFEYSISVTSQSGSQGPQGGYGAGGGGATSAAAGGAGGAGQGYGSGLGGQGGAGQGGAAAAAAAAGGAGDQGGYGAGQGGYGAGQGGAGAAAAAGGAGGQGGYGAGQGGYGAGQGGAGAAAAAAAAGGAGGQGGYGTGQGGYGAGQGGYGAGQGGYGAGQGGYGSGQGGAGAAAAAAAAGGAGGGYGAGQGGYGAGQGGAGGAGAAAAAAAAGGAGGLSGYGAGQGGYGAGQGGAGGAGAASAAAAAGGAGGQGGYGAGQGGSGGAGGAGAASAAAAAGGAGGQGAYGAGQGGYGAGQGGAGSAAAAAAAGGAGGQGGYGAGQGGYGAGQGGAGSAAAAASAAGGAGGQGGYGTGQGGYGAGQGGAGAAAAAAAAGGAGGAGQGGLGAGQGYASGLGGQGGAGQGGAAAAAAAGGSGGQSGYGAGQGGYGAGQGGYGSGQGASAAAAAAGGAGGAGQGGLGSGQGYGSGLGGQGGYGSGQGGAGAAAAAAAAGGAGVGGQGYGSVLGGQGG
GenerateSequence<0.24,0.18,0.36,0.29,0.27,0.1,0.22,0.37>; SSSSGSVSASAGGAGGYGPQAQGAAAVVAGGYGPGSQGPAGRAGRPGGDLRQRSVYGSNTFGSQPGEEDQSRPSSRSTGGYGPGGSGSQGPQGGSGPGGSGPGGYGPGSQGPSGPGYQGPSGPGTQGPGGAKATASASGGYGPGGPGASESQISVSTSTSGSQGGYESGASYASASAETGGGGGGGGSGQGAGPSGGQGQGSGASAASAGASGSGYVAGPNGPGGYGASASGGGRGPQQTGPAGEREGPEGYGPGGYG;NDVSASASTGAGGGGYGAPVYGPSSYGPSQSTPSISVSISAAGSGPGDQGTYGPGPSGSGPQGPSGPGTQGPSTPGGYGPGRQGPSGPTGYGPGSQGNVRPISQGPGGTGGYGPGSQGPGGSGATILVTTEGGAGSQGPSVPGGYGPGSQGPVGPVSQGPGGPGGYGPASQGPGGSGATIVITATGGPGSQGPGGYGPGSQGPGGPGIQGAGGPGSSGPGYQGRDGSKESAAVAVSGGPGGYGAGGPGGYGPGNQGPGGSGASAAGAPGGYGPGGPGGYGPGNQGPGGSGASAAGGPGGYGPGGPGGYGPGNQGSGGSGASAAVAVAGGPGGYGPGGSGEYGSGRQGSGGSGASAAGGPGGYGPGGSGGFGPGSQGAGGSGASAAGGPGGYGPGGPGGFGPGSQGAGGSGASAAGGPGGYGPGGPGGYGPGNQGAGGSGASAAVAVSGGPGGYGTGSQGPSVDGGYGSGSQGPVSQGPGGFGPGGSSASIAVTSAGGSQGPSGSGY
GenerateSequence<0.1,0.11,0.28,0.26,0.16,0.14,0.11,0.21>; TNEISSMPTSGTGGYGQAASGPQGPGSSVRDLKRPPLHTSHGCRAEDGSCWKKKRGGGSMNDSASGSTATASAGTTGSLDGQGPIHGRKVDGQGSSAATTGYASGGQQGSRQGYGPGAGSSVATASAGVSSSYGQGYGPRQRQYSSGYGSTTGGRVSDSFASTGGRQGGYGGASGASAGAGQGNYGQTASSASASGTANPGNYGQRQQGSGSLTSYGSGGQGGQGGMGRGGPGQSAGASASGGQGGQQIDVGGYGLGGQEGPGGASSAAAASAGGPGGQGLGGQGGSAASAGSTPGSQGPGNQGPDSERVSSSGAAAAAAASSAGSYGQGPGGLGGSQGPGGPGSQGPAGQEEGVGAAAAAAAAAAAAAAARGQGGYGGLGGRGTDGSGGDGAAAAAAAADGSGGSGGQGGYGQGTAAAAAAASGGDGLGFGQRGQGGSGAAAAAAAAASGAGGPGQGGPYGAQGSFPGASSTSPGYGAPSYGPGGYGPSGDSGALSASVSSAAPGGPGPRPPPGAYGPHAVPLGPSGPLGPSGPLGPSGPLGPSGPLGG;DSSSGSASASAGGAGGAGQGGAGAAAAASAAGGAGGAGQGGAGAGGAGQGYGAGLGRQGGAGQGGASAAAAATGGQGGLGGYGGLGSQGVGGAGQGGYGTGQGGAGAAAAAAAAGGAGQGGAGQGYGAGLGRQGGAGQGGASAAAAATGGQGGLGGYGGLGSQGAGGAGQGGAGAAAAAAAGGGAGGLGSGGYGAGLGGQGAGGAGQGEIGRAACWGEGDQVGYGGLGSQRSVGTGKGTYGSVLGGSGFSAAASAAGGAEAAIQGGLSAGQGYGGGIDGQGGAGQVGAAAAAPSSGGQGGQGGYGGLGLQGSGGNGQRGYGDGLGSQGAGGAGQGGYGAGQGGAGAAAAAAAAGGAGGAGQGGLGAGGAGQGYGAGLGRQGGAGQGGASAAAAAAGGQGGQGGYGGLGSQGAGGAGQGGYGAGQGGAGAAAAAAAAGGAGQGSLGAGGYGAGLGGQGGAGQGGASAAAAAAGGQGGQGGYGGLGSQGAGGAGQGGYGAGQGGAGAAAAAAAAGGAGQGGLGAGGYGAGLGGQGGAGQGGASAAAAAAGGQGGQGGYGGLGSQGAGGAGQGGYGAGQGGAGAAAAAAAAGGAGGAGQGGLGAGGAGQGYGAGLGRQGGAGQGGASAAAAAAGGQGGQGGYGGLGSQGAGGAGQGGYGAGQGGAGAAAAAAAAGGQGGYGGLGSQGAGGAGQAGYGAGQGGAAAAAAAAGGQGGQGGYGGLGSQGGGGAGQGGYGGSAY
GenerateSequence<0.1,0.11,0.28,0.26,0.16,0.14,0.11,0.21>; NEISGGSSSSASASASAGGSGGYGSQASGAAASAGGGYGPGSSQSAQGYGGGPGGQGPSSSISASSSAAAAGGQSSYQYGGYGPSSQGQGGSGGGGYGSGQGQGGQGGGGSAAAAAAAAAGGLGGAGGLGGQGGQGQGGYGSGQGGQGGAAAAAAAAAAAGGLGGQGGQGGLGSGGQGGYGAGQGGSSAAAAAAGGAGGQGGYGGQGSQGAGASAAASAAASGSGGRGGQGGYGGLGGYGSGQGGLGSGGQGGQGQGGYGSGQGGQGGLGGAAAAAAAAAGGAGGFGSGLGGYGSGQGGQGAGQGGYGSGQGGQGAGSAAAAAAAAAAAAQGGYGSGGQGGYGAGQGGSGSGAAAAAAAAGGAGGQGGYGAGQGGQGGYGAGGRGAGAASAAAAAGGAGGQGGYGGVGGQGGLGQGGYGSGQGGQGGSGQGGQGGLGGAAAAAAAAAGGAGGQGGLGGQGGYGAGQGGASAAAAAAGGPGGQGGYGNQGGQGGYGSGRGAGGSGAAAAAAAAAAAGGSGGQGGYGQGGQGGLGGGSGQGGYGSGQGGTGAASAAAASASAATAAAAQRGYGSGEQGQGGYAGQQGAASASAAAAATGGQGGQGGYGAGGRGA;TNEVASSAASAGGGSGGGSYGQGSYASASAAGAYGSAPQQGGYAPAQGPSQQGPVSQGPYGPSASVAVTAVGGYGPGPSQQAPVQQGSGSQGPGLTAAAASVGGYGPQGPSGPGPQGPSGPGPQGPSGPGPQGPSGPGPQGPYGPGAAAAAAALGGYGPGAGSPQGPSGPGQQGPGGQGPYGPGAAAAAAAGGYGPGAGGPQGPGVGGPQGPGGAGPQGPSGPGQQGPAGQGLYGPGAAAAAAAAAGGYGPGAGGPQGPGAGGPQGPGGAGPQGPSGPGQQGPGGQGPYGPGAAAAAAGGYGPGAGGPQGPGVGGPQGPGGAGPQGPGGAGPQGPSGPGQQGPAGQGPYGPGAAAAAAAAAGGYGPGAGGPQGPGAGGPQGPGAGGPQGPGGAGPQGPSGPGQQGPAGQGPYGPGAATAAAAAAGGYGPGAGGPQGPGGAGPQGPSGPGQQGPGGQGPYGPGTAAAAAAGGYGPGAGGPQGPGGYGPQGPGAGGPQGPGGAGPQGSSGPGQQAAAAAGGYGPGSGQQGPGAGQQGPGGQGPYGPGAAAAAAAAGGYGPGFGQQGPGQQGPGQQGPGQQGPGGQGPYGPGASAAAAAAGGYGPGSGQQGPGQQGPGQQGPGGQGPFGPGSASAAVSV
GenerateSequence<0.1,0.11,0.28,0.26,0.16,0.14,0.11,0.21>; TNEVANTSTGGGYGQSGQGGAGASAVAASASGPGGYGQGGYGPGQYGQG;SGPGPQVPTVPGPRGPGSSVSVITSYGPDQQVPSGPGPQQPSPRGPTGDGPQGRSLSAYGFSRPGPQGPSRPRPQVPSLQGPSGSGLQVPVSSFNILSSYGPAPQGPSVLIPQGPSS
GenerateSequence<0.02,0.06,0.19,0.12,0.12,0.2,0.02,0.1>; QNEISSASSSAAAAASSGGQGYGPSGYGGYGPGAASAAAAAAGGAGQGGIGQASQGPGGSGQQGPGGQGPYGPGASAAAAAASAGYGPGAGGQGPGQQGPGSGGQQGPGGQGPYGPGASAAAAAASAGGYGPGAGGQGPG;TNEISDMPTSGPRSYGQAASGPQGTGSSVSVLTS
GenerateSequence<0.02,0.06,0.19,0.12,0.12,0.2,0.02,0.1>; SSSVQSAAASASTTGSQSSYAVSAYSSAVSSSQGASSVSVSASTAAQGGSYGQSGSGPQGAGSSAVASGPGGYGPSVGASSVSASASGGYGPQGPGSQGPQAQTSSSVSAISLTAANGYGPQGPSGPGQQGTGQQGPGGYGPSGQGGAASASAGGPGGYGPGQRGPGASAAAAAAAAGGPGGYGPGRQGPGAYGPGSQGAGQGGPGGYGPQGPGSQGPGGASASAAAAAASAGGPGGYGPGSQGPGGQGPSGPGSQGPGGSGPQGPGGQGQGPGGYGPRSQGPGSAASAAAAGGAGGQGYGGLGGYGQGASAAAAAAVAAAGSAGGPGGYGNIGGGGYGEGGSGGALALGVRTAAGGLGGYGPAARGSASAALSDLNKKIEKGIGASSTEIALLVGGASLAAEAAANIGQDSQSGTYLSSGVINSPGGAGSVLTIIMSLVSSGVLQSIGSLLIGVQFQQGSLSQQPQQQYYGAGGSGSASSAAASSGGAGGYPGGYAGPYGPSSGGVGQGLGYGAGSGAAAGAVTGQGGYRVGDGDGAGPGGYGRGGAGAAAASASVAASATGSSGPGQYGPRQQYGPSGSGGSSAAATGAGGQGGYGQDGVSVVATGASGGEGSGAAAAAAAGPGGYGPQGPGAYGPSGGSQGSSGAAAAAAAAGGYGPASQGPGSQGTGGLGGQGSYGPGIGGYRVNYGPGSAAAAAAASGGQGGDGQGGYGGPGGQGGYGPGAGAGAAAAAA;DSSSGSVSASAGGAGGYGPQAQGAASAAVSASSQGGYRPGPQGPSGTGPQGSGPQTSGTASVSVSAAASGGYGQGPIQGPQSYGPISQGPSGQRGNSAAAAAARGRGGQSGYGGLGSQGAGGAQQGGYGAGQGSAAAAATAAGGAGVAGQGGFGAGGAGQRYGAGLGGQGGASAAASAAGGQGGQGGYGGLGSQGTGGAGQGGYGSGQGGAGSAAAAAAAGGAGQRAAAAGGQGGQGGYGGLGSQGAGGAGQGGYGSGQGSAGSAAAAGGAGQGGLGAGGAGQGYGAGLGGQGGAGQGVASAAAAAAGGQRGQGGYGGLGSQGAGGAGQGGYGSGQGGAGSAAAAAAAGGAGGAGQGFLGAGGAGQGYGAGFGGQGGAGQGGVSATAAAAGGPGGQGGYGGQGGYGGLGSQGAGGAGQGGYGGSAY
GenerateSequence<0.02,0.06,0.19,0.12,0.12,0.2,0.02,0.1>; GSGGRGGFGGRGGDDAAAAAAAAGGDGLGGYGRGYGAGLGGRGGSASAAAAAADGSGGRGGFGGRGGDDAAAAAAAAGGDGLGGYGRGYGAGLGGRGGSASAAAAAADGSGGRGGFRGQGGDDASAAAAAAGGDGLGGYGRGYGAGLGGRGGSASAAAASADGGAGGRGGYGSGSGSAASSAAAAASAADGGRRRGGYGAGQGGRGGSGAAAAAAAAPGGRGGYGAGGRGAGQGAAAAAAGGDGEGGYGQGYGAGSGGQGGAGAAAAAAGGDGEGGYGRGGDAAAAAAAAGNGG;TNEVASSAASAGGGSGGSYGQGSYASASAAGTYGSAAQQGGYAPAQGPSQQGPVSQVPYGPSASVAAAAVGGYGPQGPSGPGPQGLSGPGPQGSSGPGQQGPGSQGSYGPGAAVATAGGYGPGAGGQQGPTGPGPQGPSGPGPQGPSGPGQQGPYGPGAAAAVAVVGGYGPGGGAGPVGAGPQRPSGPGQQGPYGPGAAAAAAGGYGPGAGGPQGPGGAGTQGPLGPGQQGTGGQGPYGPGVSAAAAAASGYGPGAGGPQGPGGAGPYGPGAGGPQGPSGPGQQGPSGQGPYGPGAAAAAGGQGPYGPGQQGPGGYGPSGPGGSAAAAAAAAASGPGGQGPYGPGQQGPGGPYGPGQQGPGGQGPGGYGPSGPGGAAAAAAAAAGGQGGQGPSGPGQQGPGGYGPSGPGAAAAAAAAGGQGPYGPGQQGPGGYGPSGPGGSAAAAAAATASGPGGQGPYGPGQQGPGGPYGPGQQGPGGQGPGGYGPSGPGGAAAAAAAAAGGQGGQGPSGPGQQGPGGYGPSGPGAAAAAAAAGGQGPYGPGQQGPGGYGPSGPGGSAAAAAASGPGGQGPYGPGQQGSYGPSQQGPGSYLRPGLAFRRVGCGAQGPAAGQQGPGGQGPYGPGAAAAAAAAGGYGPGSGQQGPGIGQQGPGAGQHGPGAGQQGPGSAAGGYGPVTGQQGPGAGQQGPGVGQQEPGGQGPYGPGAAAAAISAGGYGPRSGQQGPGQQGTGQQGPYGPGSASATAAGVYGFGQQGPGQQLPGQQGPRQQGPYGPAASSAAVSVGGYGPRSPSAP
GenerateSequence<0.02,0.06,0.19,0.12,0.12,0.2,0.02,0.1>; TNEISDMPSGGKQGPSLPGQNQLGYSSYRLGASSYGPASAGASAQIAYGGRQTGPRQAVSAAASAGSVASVGGAGQGGIGQYGPSGPGGAKSQPYGPGSQGPGSSAAAAAAAASGGTGGQGTYGPRQQGPGGAGPQGPGGSASAAAAAAATGGYGPGQQGPGQQGPGGQGPYGPGSSAAAAAAASASGSGQQGPGQQGPGQQGPGGQGPYGPGAAAAAAAAGGYGPGSGQQGPGQQGPGQQGPGGQGPYGPGASAAAAAAGGYGPGSGQQGPGQQGPGQQGPGASAAAAAAGGYGPGSGQQGPGQQGPGQQGPGGQGPYGPGAAAAAAAAGGYGPGSGQQGPGQQGPGQQGPGGQGPYGPGASAAAAAAGGYGPGSGQQGPGQQGPGQQGPGQQGPGQQGPGGQGPYGPGASAAAAAAGGYGPGSGQQGPGQQGPGQQGPGQQGPGGAGQQGPGQQGPGQQGPGGQGPYGPSAAAAAAAAGGYGPGSGQQGPGQQGPGQQGPGGAGQQGPGQQGPGQQGPGGQGPYGPGAAAAAAAAGGYGPGSGQQGPGQQGPGQQGPGQQGP;GYGRGGSGSAAAAAASSDGSGGDGYGGGYGGQGGLGEGGAGAAAAAASGGGPSGFGRQGAGPGGYGRGGSGSASAAAAASDGSGGDGYGGGYGGQGGLGEGGAGAAAAAASGGGPGGFGRQGAGPGGYGRGGSGSAAAAAAASDGSGGDGYGGGYGGQGGLGEGGAGAAAAAASGGGPGGFGRQGAGPGGYGRGGSGSAAAAAAASDGSGGDGYGGGYGGQGGLGEGGAGAAAAAASGGGPGGFGRQGAGPGGYGRGGSGSAAAAAASSDGSGGDGYGGGYGGRGGLGQGGDSAAAAAASGAGPGGFGRQGAGPGGYGRGGSGSAAAAAASSDGSGGDGYGGGYGGRGGLGQGGDSAAAAAASGAGPGGFGRQGAGPGGYGRDGSGSAAAAAASSDGSGGDGYGGEYGGRGRPGQGGDSAAAAAASGAGPGGFGRQGAGPGGYGRGGSGSSAAAAASSDGSGADGYGGEYGGRGRPGQGGASAATSSASGGGTGGYG
GenerateSequence<0.19,0.17,0.22,0.27,0.27,0.11,0.24,0.21>; NEVAYGGSSAGVPDKTGDGSLLDVDLSGGYPSRQSSYQYSISINTQTSNSGRFITAGDRGTGGYGQYGQGASAAAAAASASGSGQGGYGSGLGGYGQSGDGSSSAAAAAAAAGSGQGGYEGGYGQGAGSGAGAGSAAAAGASGQGGYGQGGQGGYGQGAGSAAAAAAAAAAAGRGGQEGYGQGGYGQGGQGGYGQSPAGAAASAAAAAASATGAGSGYGGQGYGQGGDGAASAAAAAAAAAAAGSGQGGQGGYGGLGSQGAGGAGQGGAGAAAAAAAAGGAGGAGQGGLGAGGAGQGYGAGQGYGAGLGGQGGAGQGGSGSAAAAAAGGQGGQGGYGGLGSQGAGGAGQGGYGGRQGGAGSAAAAAAAGQGGLGAGGAGQGGSGAAAAAAAAGGQGGQGGYGGLGSQGAGGAGQGGYGGLGSQGAGGAGQGGYGAGRGGQGGSGAAAAAAGGAGGAGQGGLGAGGAGQGYGSGLGGQGGSGQGGAAAAAAAAGGQGGQGGYGGLGSQGAGGAGQGGYGGGQGGAGSAAAAAAAGGAGQGGLGAGGAGQGYGSGLGGQGGAGQGGSAAAAAAAAGGQGGQGGYGGLGSQGAGGAGQGGYGGGQGGAGSAAAAAAGGAGGAGQGGLGAGGAGQGYGAGLGGQRGAGQGGSAAAAAAAAGGQGGQGGYGGLGSQGGYGAGQGGAGSAAAAAGGAGGAGQGGLGAGGAGQGYGSGLGGQGGAGQGGNGGLGAGQGYGSATAAAAGGQQGSGGLGGQGGYGGGAYGPGSGSSAAAAASSAGGLGGQGGAGQGGW;GGQGGAAAAAAAAGGAGGAGQGGLGGQGGYGSGQGAQGGYGSGQGGQGGYGSGQGGIGGGAAAAAAAAGGAGGAGQGGLGGQSGYGSGQGGQGGYGSGQGGQGGLGSGAAAAAAAAGGSGGAGQGGLGGQGGYGSGQGGLGGQGGYGSGQGGYGSGQGNQGGLAGLG
GenerateSequence<0.19,0.17,0.22,0.27,0.27,0.11,0.24,0.21>; DASSSAAASAAAAGGYGQGPSQSYQSYGPGSQGQQTSYGPGSQGPGGYGPGQSGYSQGGSGSSAAAAAAAGSGGSGGYDQGQGGYGQGPSGPRQQGPGGYRPSGASAAAAGQGGQGGYGQGGSGQGGAGGPGGSSAASAAAAAAGGGQGGYEEIIGSQGGGQGGYGRDGSANAAAAAVGGSGPRGSGGRGGYGRGGSGAAAAAAAAAAAVGGRGGGGYGRGGSG;QGPGGYGPGSQGPGGYGPGASAAAAAASASGPGGYGPGSQGPGSQGPGSQGPGSQGPGGYGPGASAAAAAASASGPGGYGPGSQGPSGPGGYGPGSQGPSGPGSQGPGSQGPSGPGSQGPGGYGPGGASAAAAAAAASGPGGYGPGPQGPSGPGGYGPQGP
GenerateSequence<0.27,0.42,0.36,0.4,0.39,0.58,0.18,0.35>; NTVSASASAGGGGGGGGGYGSAAASTSAQGGYGPGAGQQGPGSGGQGSGYQYSVGRNSGPRSSGPSSQSGGYGPSGPRREGSGGYGPGGSGGAAAAAASAGGQGGQGGYGGLGSQGSGGTGGGQGPYGPGAGGAAAAAAASGAGGPGGQGGYGPGGGQQGPGSGGQQGPGGQGPYGPGAAAAAAAASGGPGGYGPGSQGPSGPGSAAAAAAGGGPGGYGGLGGSYGPGQQGPGSGGKQGPGGQGPYGPGAAAAAAAAVGPYGPGQQGPGGYGPSGPGQQGTGSGGRGGQGGSGSAAAAAAAGGLGAGGSGSGQGGQGGSGLGTGGAAAAVAAAASASAGGSGGQGGQQGPGARQGGALQFDGAGQLGPGGYGPQGPGGSVAYGGLGSQGSGQQGTGGYGGGGGGSGSASASASAAGGPGGQGPYGPGQQGPGGYGGPGGFGGQQGPGSQGPFGPGAAAAAAAGGYGGVQVPGGAPQGPGQQGPGSGGPQGPGGQGPYGPGAAAAAAAAGGYGPGSGQGSGGAGQQGPGGREGPYGPSQQGPRGYSAAAAAAAVGGYGPGSRGQQGPGSGGQQGPGGQRPYGPGAAAAAAVAAGGYGPGSG;SESSRTDNTGVYGAGFRSDSSAAEGNGGIEGIYAEGFGGSTGFGGNSGATATGSDSGSGQGRYDGRFGGPGVSSGDSAAVSTGDRDDGGSGQRGYGGRFGGPSGLGGNSAATAAAVGNDVTGQRGKGGNFGGLGKLGSNSASASAGAGGNGGSEQRGYGGNFRGPGNSGGASSAAASGGDGRPGQGGYGGGFGGLGGSGGDSSAAGPGGNFGGQDNSGGASAAAVSGGVGGSGQGGYGGRFGGLDGLGSDSAAASTVAGGDGGSSQGGYGGFFGGPSNSGGASAAAASGDDGGPGQGGYDGVFGEPGGDSSAADVGGASGSSQGGYDVMFGGPSNSGGASAAAASGGIGGSGQGGYDGRFGGPSGNTAVAATAARGDSSFGQGYFGGQGGISGATTAASGQRGLGGGGYGGAFGTPGGSGGYSVSVAFSAGDRRLERGRYDGDLDDQDDSESVVVDGGRDGAFGQRGYGGNFGGERGSAVNSGATAFAAGDRGFGRGKYRGGLGSTSLVADADGNSGQERYNALYGGTSNIGGAGSQAFSADVSGSGVES
GenerateSequence<0.27,0.42,0.36,0.4,0.39,0.58,0.18,0.35>; TNEVAISAASAGGGGGSGQGSYASTSVAGTYGSAPQSPGGYGPAPQGPSQQGPANQAPYPSASISVSTVGGYGPGPTGPSQQGPAQQGPTGPSQQGPGGQGTYGPGAVAAAVGGYGPGSSGGGVGAQQGPGRAGPQGPSGQGQQGPGGQGPNGPGAAAAAAAAGGYGPGSGQQGPGQQGPGQQGGPGGYGPGSQGPSGPGSQGPSGPGAYGPSAPGPGGQGPYGPGGASAAAAAASGPGGYGPGSQGPSGPGGTGGYGPSGPGGASAAAAAASGPGGQGPSGPSGPSGPGSQGPSGQGPYGPGPQGPSGPSQQSSASASAAASGSGPGGAGPAFSGKPSGPGPQGPTGPRGDYGQQGPGQQGPGQQGPGQQGPAGYGPATAASAASAAAGGYGPGAGAAGPGQQGPGQQGPGQQGPGSSAAAAAAAAGGYGPGQQGPGAYGPGATAAVAVGGPYGPGAPAAAAAAGGYGPGQQGPGGYGPGAAGPGQQGPGGYGPQRSSAPVASAAASRLSSPASSSRVIYGPGGASAGGPGAGQQGPGGYGPGAGQQGPGSQGPGGYGPGAAAAAAAAGGYGPGSGQQGPAGQGGLGPYGTGAAAAAAAAGGPGGYGPGSQGPSGQGPGGYGPGQQGPGQQGPGGPGAAAAAAAGSGPGGYGPGSQGPSGPGRA;NEVSYGGAGAAAAAGGAGQGGYGGQGSGAAAAAAGGGTGQGGYSGPSGYGGPSGQGAAAAAAAAGGSGQGARGYGGQGAGSAAAAAGGTGQRGYGGLGSQGAGQGAAAASAGGAGQGGQGYGGQGYGAQGASAAAAAAGGAGQGGYGSQGAGQGGYGGQGASAAAAAAGGAGQGGYGGLGSQGAGQGAGAAAAAAGGAGQGGYGGLGSQGAGQGTGAAAAAAGGAGQGRQGYGGQGAGAAAAGAGGGQGYGNQGYGGQGSGAAAAAAGGAGQGGYGGLGGQGAGAAAAAAGGAGQRGQGYGGQGAGSAAAAAGGAGQGGYGGLGGQGAGAAAAAAGGAGQGGQGYGGQGAGSAAAAAGGAGQGGYGGLGSQGAGQGAGAAAAAAGGAGQGGYGGLGAGQGGYGGQGAGGSAAAAAAAGGAGRGGYGGLGAGQGGYGGQGAGGAAASAAAAGAGQGGYGGLGGQGAGSAAAAAGGAGQGGQGYGGQGAGAAAAAAGGAGQGGYGGLGSQGAGQGAVAAAAAAGGAGQGGYGGLGAGQGGYGGQGAGGAAAAAAAGGAGQGGYGGLGSQGAGQGAGAAAAAAGGAGQGGYGGLGGQGAGSAAAAAGGAGQGGQGYGGQGAGSAAAAAGGAGQGGYGGLGGQGAGQGAGAAAAAAGGAGQGGYGGLGAGQGGYGGQGAGGAAAAAAASGAGQGGYGGLGSQGAGQGAGAAAAAAGGAGQGGYGGLGGQGAGSAAAAAGGAGQGGQGYYGGQGAGAAAAAAGGAGQGGYGGLGGQGAGQGAGAAAAAAGGAGQGGYGGLGSGQGGYGGQGAGSAAAAAAGGAGRGGYGGLGGQGAGQGAGAAAAAAGGAGQGGYGGLGGQGAGSAAAAAGGAGQGGQGYGGQGSGAAAAAAGGAGQGSYGGLGSQGAGQGAGAAAAAAGGAGQGGYGGLGAGQGGYGGQGAGGAAAAAAASGAGQGGYGGLGSQGAGQGAGAAAAAAGGAGQGGYGGLGGQGAGSAAAAAGGAGQGGQGYGGQGAGAAAAAAGGAGQGGYGGLGGQGAGQGAGAAAAAAGGAGQGGYGGLGAGQGGYGGQGAGGAAAAAAASGAGQGGYGGLGSQGAGQGAGAAAAAAGGAGQGGYGGFGGQGAGSAAAAAGGAGQ
GenerateSequence<0.27,0.42,0.36,0.4,0.39,0.58,0.18,0.35>; ANEVSYGGSSGGSGVASSSAYASASSSSSSYGQIQSSGGAASASAGGGAAGGQVQQGGYAPSSQAPQGPSYQTSYGTGPSSQGPSGPGQQGPSGPRGQSSQGSQGPSSQGPSGPGQQGPSGPRGYGPGSQGPSGAGPQGPSGPSVSSSTTSSGRAPSGYGPSQQGPSGPVPQGPGSSAGAATSVSSAGGYGPSALNSPGSGPQGQNPGGYGAGSGAASAASASGGQGQGGQGAQAIAPGQGGQGAYGPGSAAAAAAAAGGYGQGAGPGGAGQG;NEVAYGYGNGGYGSSGTGVAGAAASAAAGPGGYGPGQGGPGSSAAAAAAGGPGQQALGGYGPSGPGATGAAAAAAGTQGQQGPGGYGPSGPGAAAAAAGAPGQQGPGGYGPSGPGAAGAAAAAGGPGGYGPGAQGPGAASAAAGGPGGYGPGQGGAGSAAAAAGGPGGYGQQGPGGYGPSGPGAAAAAAGAPGQQGPGGYGPSGPGAAGAAAAAGGPGGYGPGAQGPGAASAAAGGPGGYGPGQGGAGSAAAAAGGPGGYGQQGPGGYGPSGPGAAAAAAGAPGQQGPGGYGPSGPGAAGAAAAAGGPGGYGPGAQGPGAASAAAAAGGPGGYGPGAQGPGAASAAAGGPGGYGPGQGGAGSAAAAAGGPGGYGQQGPGGYGPSGPGAAAAAAGAPGQQGPGGYGPSGPGAAGAAAAAGGPGGYGPGAQGPGAASAAAGGPGGYGPGQGGAGSAAAAAGGPGGYGQQGPGGYGPSGPGAAAAAAGAPGQQGPGGYGPSGPGAAGAAAAAGGPGGYGPGAQGPGAASAAAGGPGGYGPGQGGAGSAAAAAGGPGGYGQQGPGGYGTSGSGASVAAAASGPG
GenerateSequence<0.27,0.42,0.36,0.4,0.39,0.58,0.18,0.35>; NAGNAGALASSFANAVPASATGSGGAQSSAYGPYSSSAVYSTSTSNQGSYGPGPQAQSLLGPIGNSGPAQSSTISGRSGVGPSGGGLGSASSAAAASAGPGGYGPAQQGPSGPSGPSGASAAVAVSGGASSPGSQGPSGPGGYGPGSQGPSGPGGSMGPVAVGA;AVAEFSGTSGGYGINGASSGGASAAAAAAAAEGNGGLGYRGEGAGGAAAAASNGGRGGYYGPGRGYGGESAAAAAAAGEGNGGLGYGRGGAGGAAAAAAAGEGNGGGSNGGYESGSAYGGYGSAAAVAGESNGGLGYGRGGEGGSAAASAAAGEGNGGLGYGRGGAEGAAAAAAANGGTGVYYGPGGGYGGDAAAAAANGGRGGYYGPGGGYGGDAAAAAAAGEGNGGLGYGRGGAGGAAAAAAAGEGNGGLGYGRGGAEGAAAAAAANGGRGGYYGPGGGYGGDAAAAAAAGEGNGGLGYGRGGAGGAAAAAAGEGNGGLGYGRGGAGGAAAYGPHRDLHSFPTRLSSVLYGGDAAAAAAAGEGNGGLGYGRGGAGGAAAAAAGEGNGGLG
GenerateSequence<0.2,0.39,0.23,0.39,0.27,0.54,0.24,0.48>; VNEVSSSSAAAASASSGGGGYGPQGISASVSVGYGPRGPGPQGPGPQGPGPQGPLATVSVSTIGPQGPGPQGPGPQGPGPQGPGPQGPRPQGPGPQGPGPQRPGPQGPGPQGPGPQGPGPQGPGPQGPLATVSVSTIGPQGPGPQGPGPQGPGPQGPGPQGPRPQGPGPQGPGPQGPGPQGPRPQGPGPQGPGPQGPGPQGPYPQGPLATVSVSTIGPQGPGPQGPRPQGPGPQGPGPQGPGPQGPYPQGPGPQGPLATVSVSTIGPQGPGPQGPRPQGPGPQGPGPQGPGPQGPYPQGPLATVSVSTIGPQGPGPQGPRPQGPGPQGPGPQGPGPQGPRPQGPGPQGPGPQGPGPQGPRPQGPGPQGPRPQGPGPQGPGPQGPGPQGPYPQGPLATVSVSTIGPQGPGPQGPGPQGPGPQGPRPQGPGPQGPGPQGPGPQGPYPQGPGPQGPLATVSVSAVGGYGPGPQGPGPQGPGPQGPGPQGPGPQGPGPQGPGPQRPSPYGPGPQGPGPQGPGPQGPGPQGPGPQGPGPQGPGPQGPGPQGPGPQGPYGPGPKGPRAPGGPYGPSPASSAAVSGPGGVGRPQGPGPQGPGPQRPSPQGPGGPQQGPGGQGPYGPGAAAAAAAAGGPYGPSGPGPQGPGPQGPLATVSVSTIGPQGPGPQGPGPQGPGPQGPGPQGPRPQGPGPQGPGPQGPGPQGPLATVSVSTIGPQGPGPQGPRPQGPGPQGPGPQGPGPQGPYPGSVTTIRGPGPQGPGPQGPGPQGPGPQGPGPQGPRPQGPGPQGPGPQGPGPQGPGGPR;AAAAAAGGAGGAGQGYGAGQGYGSGLGGQGGAGQGAAAAAAAAAGGAGRAEQGGQGAGQGYGAGQGYGSGLGGQGGPGASAAAAAAGGLGGQGGYGGLGSQGSGGFGQGGYG
GenerateSequence<0.2,0.39,0.23,0.39,0.27,0.54,0.24,0.48>; ASAAGSAGQGGYGGLDGQRAGAAATGGLFDGSRGYGQGSGAGSAAAAAGGAGAEVPGGYGPGYSAGASAAGAGQGGYGLGELGQGVRTAAGAAAGGAAQGEYGQGSAGSAAAAGAGGYGQGQRGYGQRGYGGGAAAAAAVAGGAGQGGYGGLGGQGYGAGGASSAAAAAGGAGFQVGAAGLKAAGAGAAAASGSGTGGYGGQGAGAAAAAEARQGGYDQGGYGQDSSAAAAAVGGAGGYGGQGAGSGAGGAGQGGRGGYGGLGGQGAGAGAAAAGAAASGAGGFGQGAQGGYRSGAAGSQ;ANEISSSAGSGGGGGGGGGGGGYGQGAYSSVSVSSASSSGQQGPGGYGPAPQGPSQQGPAGQVPYGPSSSVSVTTVGGYGPGPSGPSQQGPGQQGPSQQGPGPSGPSSSVTVVSVGGYGPGPSGPSQQGPGQQGPSQQGPGPYGPSSVSVTSVGGYGPGPSGPSQQGPGQQGTGGQSSYGPSASVAVSAVGGYGPGSGQQGPGGAGQQGPGGAGQQGPGSQGPYGPGSGQQGPGGAGQTGPGGQGPYGPGAAAAAAAAGAYGPGSGGQGPGSGGQQGPGSGGQQGPGGQGPYGPGAAAAAAAAAGGYGPGSGGQQGPGSGGQQGPGGQGPYGPGAAAAAAAAAGSASASASAGGGYGAPSYGPSSYGSAASSAATAAATAGGAGGRRPSGPAQGPGGSATAAAAAAGGPGGQGPSGPRQQGPGGYRPSGASAAAAAAAAVGQGPYGPGQQGPAQQGPGYGPSGAGAAAAAGGQGPSGQGQQGRGGYGPQGPGQQGPGSEVSASASASAGGGGGYGSSGGYGSSSYGGGGPSGPGASAAAAAAAASGPGGYGPGSQGPSGPSGPGSQGPSGPGPSAAAAAAAVGGPGGYGPGSQGPSGPGGYGAGGPAASAAAAAASGPSSQGPSGPSGLGSQGPGGPGGYGPGNQGPGASAAAAAAAAGGPGGYGPGSQGPSGPSGPGGYGPGSQAPGGPGSQGPGGPGGYGPGNQGPGASAAAAAAAASGPGGYGPGSQGPSGPSGPGGYGPGSQGPSGPGGYGPVSQGPGGPGSQGPSGPGGYGPGNQGPGASAAAAAAAAAGGPGGYGPGSQGQSGPSGPGGYGPGSQGPGGPGSQGPSGPGGYGPGNQGPGASAAAAAAAAGGTGGYGPGSQGPSGPSGPGGYGPGSQGPGGPGSQGPSGPGGYGPGNQGPGASAAAAAAAAAGGPGGYGPGSQGQSGPSGPGGYGPGSQGPGGPGSQGPSGPGGYGPGNQGPGGAAAAAAAGAQGGYGPQGPGQQGPGSYGPQGPGGAAAAAAAAAAAGGPGSQGPSGPGLQGPGGYGPQGPGGAAAAAAAGAQGGYGPQGPGQQGPGGYGPQGPGGAAAAAAAAAAAGGPGSQGPSGPGQQGPGGYGPQGPGGAAAAAAAAAGGPRGYGPQGPGQQGPGSYGPQGPGGAAAAAAASGGPGGQGPSGPGQEGPGSYGPKGPGQGPGGYGPQGPGGAAAAASAAAGGQEVYGPQGPGQQGPGSYGLQGTRGAAAGGSGSQGPSGPGQQGPGGYGPQGPGGAAAVAAAAAGGQGGYGPQGPGQQGPGSYGPQGPGGAASATAAASAGGPGGQGPSGPGQQGPERYGPLGPGQQGPGGYGPQGPLGAAAAGGTGGYGPQGLGQQGPGIYG
GenerateSequence<0.25,0.17,0.37,0.34,0.34,0.13,0.23,0.38>; SGPGGASAAAAAAAASGPGGYGPGSQGPGAYGPGSQGPGAYGPGSQGPGAYGPGSQGPYGPGGASAAAAAAAASGPGGYGPGSQGPGSQGPSGPGSQGPYGPGSQGPGSQGPYGPGSQGPGSQGPYGPGGASAAAAAAAASGPGGYGPGSQGPGSQGPSGPGSQG;ANQNTVGSGIAASAASGTNEGYSPSISSGNAGQQGASGSSAISISLGSGGSQGAYSGPQFGTGVTAGSQRESGYSSQQGSVGASVVTTSTSGSYSQDQGGYSGQQGPIGTSTSVSSTTNGYGQGQEGYGPTRSSEASFAFAFGENQGRYGGQQIESGTTGAGQGQVGYGGQQAGPGSSVASVSATGSSGQDQVGYGGQGPSDAGATVAAASSAGSYGQDQGVYGGQQAPSGTSASAGGYDQGQGGYGPSGSSAASFSFAFGGSQGGYGGQQIGSRSTGVGQVQLGYGGQQAGPGSSVASVSATGGSGQDQVGYGGQGPSGAGTSVAAASSAGSYGQDQGVYGGQQAPSGTSASAGGYDQGQGGYGPSGSSAASFSFAFGGSQGGYGGQQIGSGSTGVGQVQLGYGGQQAGPGSSVASVSATGGSGQDQVGYGGQGTSGAGTSVAAASSAGSYGQDQGVYGGQQALSGTSASAGGYDQGQGGYGSSGSSAASFSFAFGGSQGGYGGQQIGSGSTGVGQGQLGYGGPQAGPGSSVASVSNTGVSGQDQVGYGGQGPSGAGTSVAAASSAGSYGQDQGVYGGQQALSGTSASAAASGSGQGGYGGNFGGPNGLDGNSAAAAYGGNGDFGLGYVEGLGGNSVATTASGRGGLGGRRNGGSFGGPGGLGDYSVSVAFAAGDRGLGRGRYGGDFVEQGGLGSAVAVSERGGDFSQGEYSGDFGRLGGLAGDSRSAAFAAGDRGFGRGKYRGSLGSDLGSTSLVAGGDGNARKGRYNSVFGGPRNLGGVESQSFSASVGGSDVDDTGSAGQDQVGYGGQGPSGAGTSVAAASSAGSYGQDQGVYGGQQAPSGTSASAGGYDQGQGGYGPSGSSAASFSFAFGGSQGGYGGQQIGSGSTGVGQVQLGYGGQQAGPGSSVSSVSATGGSGQDQVGYGGQGPSGAGASVAAASSAGSYGQDQGVYGGQQAPSGTSASAGGYDQGQGGYGPSGSSAASFSFAFGGSQGGYGGQQIGSGSTGVGQVQLGYGGQQAGPGSSVASVSNTGVSGQDQVGYGGQGPSGAGTSVAAASSAGSYGQGPGGYGGQQGPSVTSTSVSSASDGYDQNQGRYGSSGSSAISISLGLGASQTAYSGQQLDTNIGQRPSVNGSQQISLGASNGF
GenerateSequence<0.25,0.17,0.37,0.34,0.34,0.13,0.23,0.38>; ANEVSVGSTVSSGGNGYGTGRGGSGGYGASSAAAAAATSGQGQASSASIAAGAGGTGQGGYGGGQSGSGGSAAAAATASGTGSGGGQGARGQGGFPQAPGGAGRQGGYGPGTGGNGSGSAAAATASSSYGTGPSGPKKASAAAANGPGGYGPSGPGRQGGPRGYGPSGPGSSASAAAAGGSGGGPQGPNQYGPGQNGPGASSAAASGPGGYGPGSQGPSGPGSQGPGSQGPGGYGPGSQGPSGASAAAAAAGRGGPGGYGRQGPAPYVPKPMGPGGYGPSGDNGAAAAAAAAAAAAAAAGQGPGGYGPSGPAGAAAAAASGEGPGGYGPGSRGPSGPGKGRRGAGASAAASRLSSPASSSRVSSAASSLVSSGPSNPGLSGCDVLVQALMELVSQISASSPGLSGCDVLVQALLEVVSALVHILSSSSVSQAVGSAGQSTQYVSQSIAQALSYGP;NEVSYGGAGAAAAAAGGAGPGGYGGQGSGAAAAAAGSAGQGGRGYGGQAAGAAAAAGGAGQGGYGGLGGQGAGAAAAAAGGAGQGGQGYGGQGAGAAAAAAGGAGQGGYGGQGAGQGAGAAAAAAGGAGQGGYGGQGGLGAGQGGYGGQGAGAAAAAAAAGGAGQGGYGGLGSQGAGQGAGAAAAAAGGAGQGGYGGLGGQGAAAAAAGGAGQGGQGYGGQGAGAAAAAAGGAGQGGYGGLGGQGAGQGAGAAAAAAGGAGQGGYGGNAVSYGGGGTSAAATGGAGQGGYGGLGSQGAGAAATAAAGGAGQGGLGGLGGQGTGAAAAAAGGAGQGGQGYGGPGSGAAAAAAGGPGQGGYGGLGGQGAGQGAGAAAAAAGGAGQGGYGGLGGLGAGQGGYGGQGAGAAAAAAGGAGQGGYGGLGSQGAGQGAGAAAAAAAGGAGQGGLGGLGGQGAGAAAAAAGGAGQGGQGYGGPGSGAAAAAAGGPGQGGYGLGGQGAGQGAGAAAAAAGGAGQGGYGGQGGLGAGQGGYGGQGAGAAAAAAAAGGAGQGGYGGLGSQGAGQGAGAAAAAAGGAGQGGYGGLGGQGAAAAAAGGAGQGGQGYGGQGAGAAAAAAGGAGQGGYGGLGGQGAGQGAGAAAAAAGGAGQ
GenerateSequence<0.25,0.17,0.37,0.34,0.34,0.13,0.23,0.38>; VSSSSASVSASSGGGGGGGYGAPSYGPAQQGPSGSGSAAAAAGGQGGLGGQGPSGYGPGSSGPGGQGPYGPSAAAAAAAAPGYGPSGPQGPGGYGPGSQGSGASAAAAAAAGGQGPSGPRGYGPGSQGPSGPGGAAAAAAAAAGGQGPYGPGSQGPSGPGSQGPGGYGPGSQGPSGPGGAAAAAAAAASGPGGYGPGSQGTGGSGAAAAAAAASGPGGYGPGSQGPSGPGSQGAGQGGQGGYGPSSAAAAAAAASGPGGYGPGSQGTAGAGGASAAAAAAAAAGGPGGYGPGSQGPSGPGAYGPGSQGSSAAAAAAASGPGGYGPGSQGPSGPSVGYGSQGPGAYGPGSQGPSGPGGAGGYGPGSQGPGGAGAAAAAAAASGPGGYGPGSQGPSGPGGYGPGSQGPSGPGGYGPGSQGPGGAGAAAAAAAASGPGGYGPGSQGPSGPGGYGPGSQGPSGPGGAGGYGPGNQGSGGAAAAAAAASGPGGYGPGSQGPSGPGGYGPGSQGPSGPGGAAAAAAAASGPGGYGPGSQGPSGPGGYGPGSQGPSGPGGAAAAAAAASGPGGYGPGSQGPSGPGGAAAAAAAASGPGGYGPGSQGPSGPGGYGPGSQGPSGPGGAAAAAAAAASGPGGYGPGSQGPSGPGAYGPGSQGPSGPGYGPSPGSQGPSGPGYGPSASSAAAAAAASGPGGYGPGSQGPSGPSGPGGYGPGSQGPSGPGYQ;GPGAAGAAAAAAGGPGGYGQQGPGGYGQQGPGAAGAAAAAAAGGPGGYGQQGPGASGAAAAAAGGPGGYGQQGPGAAGAAAAAAGGPGGYGQQGPGAAGAAAAAAGPGGYGQQGPGAAGAAAAAASGPGGYGQQGPGAAGAAAAAAGPGGYGQQGPGAAGAAAAGGPGGYGQQGPGAAGAAAAAAGGPGGYGQQGPGAAGAAAAAAGGPGGYGQQGPGAAAAAAAAAGGPGGYGQQGPGGYGQQGPGAAGAAAAAAGGPGGYGQQGSGAAAAAAGGPGGYGQQGPGAAGAAAAAAGGPGGYGQQGPGAAGAAAAAAGPGNYGQQGPGAAGAAAAAAGGPGGYGQQGPGAASAAAAAAGGPGGYGQRGPGAAGAAAAAAGGPGGYGQQGPGGYGQQGPGAAGAAAAAAGGPGGYGQQGSGAAAAAAGGPGGYGQQGPGAASAAAAAAGGPGGYGQQGPGAAGAAAAAGPGGYGQQGPGAAGAAAAAAGPGGYVQQGPGAGSAAAA
GenerateSequence<0.25,0.17,0.37,0.34,0.34,0.13,0.23,0.38>; AAAAGGSGGSGGYGPGGYGPGGSGDAAAAAAAAGGSGGAGGYGPGGYGPGGFGPGGSGDAAAAAAAAAGGSGGSGGYGPGGYGPGGSGDAAAAAAAAGGSGGPGGYGPGGYGPGGFGLSGSGDAAAAAAAAAGGSGGSEGYGPGGYGPGGSGDAAAAAAAAAGGSGGPGGYGPGGYGPGGYGPGGSGDAAAAAAAAAGGSGGSGGYGPGGYGPGGSGDAAAAAAAAGGSGGPGGYGPGGYGPGGFGPGGSGDAAAAAAAAAGGSGGSGGYGPGGYGPGGSGAAVAAASAAGGSGGSGGYGPGGYGPGGSGAAAASAAASAISSPASSRRIRRRDLISPQGGSGPGGIGPGGYGPGGSSGAAAAAAASDGSGGAGGYGAGGSDAAAAAAAGGSGGQGGYGPGGSGRYGPGGYGATTGSAAASAAASALSSPASASRVSSAVSTLASAGGASPGGGYGPGGSNPEYSGSSSASVAECGAAGQGGYGPGGRGVCKKQGGNKKRGDGGKLKGFKGIYGSGGASATAYGGGGPQYQEGYGPAQQAGGYGSGGQGGNGPGGAVAAAAASAGGFGGQGGFGPGGEGSGTSAAAAAAASGAGGPGGYGQQGPGGYGSGGSGPGGSGPEGFGQGGSGSSAAAAAAGSGGRGGWGRGAGGAYGPGGYGSAGASAAAAAASAAAGGPGGYGQGGRRLSSSSRVSSTATIIISYGAGGPSSQGPSRPSAPGGYGPGGSSAAAAASAAGGSGGRGGPGGPGGFGGQG;ENIEGYGGNSGVAAAAAAADGGSGGYYGQGNGFGGDTAAAAAAATGDGNGGLGYGGGGAGGAAAASVAAASSGIGGAYGNNGASSAAASAAASSGGIGYGPGGGYGGTSGAAASAAAGGGNGGYGRGGDAAAAAAAAAGEGNGGRGYGRGGDAAAAAAAAAGEGNGGRGYGRGGDAADAAAAAAGEGNGIRGYGRGGAGGAAAAAAAANGDRGGYYGPGSGYGGDGAAAAAAAGGLGYGRGGDAAAAAAAAAGEGNGGRGYGRGGAGGAAAAAAAADGGRGGFYGPGSGYGGDGAAAAAAAAGEGNGGLGYGRGGAGGAAAAAAAGEGNGGLGYGRGGDAAAAAAAAAGEGNGGRGYGRGGAGGAAAAAAAADGGRGGFYGPGSGYGGDGAAAAAAAAGEGNGGLGYGRGGAGGAAAAAAAGEGNGGLGYGRGGDAAAAAAAAAGEGNGGRGYGRGGAGGAAAAAAAADGGRGGFYGPGSGYGGDGAAAAAAAAGEGNGGLGYGRGGAGGAAAAAAAGEGNGGLGYGRGGDAAAAAAAAAGEGNGGRGYGRGGAGGAAAAAAAADGGRGGFYGPGSGYGGDGAAAAAAAAGEGNGGLGYGRGGAGGAAAAAAAGEGNGGLGYGRGGDAAAAAAAAAAGEGNGGRGYGRGGFFGQGSGYGGDGAAAAAAAAGEGNGGLGYGRGGSAAAAAAGDGNGGLGYGREGTEGASVAAAAANGGRGGYYGPGNVYGGDAEYGRG
GenerateSequence<0.18,0.17,0.28,0.22,0.3,0.18,0.2,0.26>; NEVSYGGGYGGGQGAGAAAAAASAGPVTIGGYGPSGPGSQAAGATAAAGACSGAGGAGQGGYGGLGGQSYGGSGAGGARVAGAGAQYSSASAASGVASSDAGGYGGRGGAGSASSAGTGHGGIGGSSGAASAAAAAAAAGGSGGLGGYSSQGYGGGSGAASAAAAAAGGAGRGGYGGQGGGGASAAAAAAAAGGGQGGRGGQGGYGTGSRGASGSGAGNQGQGGLGGSAAAAAAAGGQGGLGGLGGNGSGRPNGGLGAGQGYGSGLGGQGGSGQGGLGGAGQGGSAAAAAAAAGGAGRGGYGAGQGGAGSAAASAAGGQGGVGGQGGYGGLGSQGSGGQGGAASAAAAAAAGGAGGQGGYGGLGSQSGLGGGGQGGYGSGQGGAGAAAAAAAAGGSGGAGQGGLGAGQGGLGSQGAGGAGQGGAGAAAAAAAAGGAGQGGLGGQGGAGQGGAGQGGAAAAAAAASGGAGGGGQGGYGGVGGQGGYGPGGSSAAASAATAASSAGGQSGLGGAGRVGASSAAAAAAAGGQGGYGFGGLGSQGAGGAGQGGYSYGPLGGVGGGAGGAGQGSASASAAASRLSSPSAASRVSSAVSYLVSSGGPSSALNRRAISNTVSQIGSQSRSQRAGNELLVGQSGYAVGGQGLVSSSAASSAGQGGYGGLG;SNEISSASTAGAAGYGTPGQGETYASVSLAGAYSQTPQMPDAKGQAPSPQGPAFSSVSAYGTTGPQGPSVPGPQTQSLQGPSGPGLPRPGPSVSILASYGPGPQGPSGSIPQGPSSQGQSSPGPQGPSVSSVSFFGPGPQGPSGPSPQGPAPQGPSGPGPQGSSVSSVSFYGSGP
GenerateSequence<0.18,0.17,0.28,0.22,0.3,0.18,0.2,0.26>; NTVESTAYASSSAVSSSTTGGYGASSSATAAAASAAAASSQYGYMNGFQGANNWDNAGAGYGAAVYGGPSGYGFGSGAAAAAAAGEGNGGRGYGPSGAGAGAAAAAAAANGGDRSYGLGAGDSAAAGAAAAGGRGLGGYGAGGSGAAAASAAAATTGAGGYGPGAQSSSAAGSQGAGGAGQGGYGSGASAAAAAAAGGTGGAGRGGLGAGGAGQGYGAGLGGQGGAGQGGSGSSGASAAAAAAGSGEGSGGQGPNGPGNQGAKGLGGYGGPGGPGGPGGPGGAPAPVGPGVSGYGGVGPGAYGPGPQGPGGSPGPVQGGSVTIPGGPGGPGGPGAPGGAGMGGGVGPGGGAGGSGSSADISVSVGADAQFTSQVGYFQNNQGYISPRFTSVVDSSQASSATTTVDQVVAGLFGGSAGLGGVDGLGGASAAAAAAAGGGSGVSGSGQGGQGAGASGGLGGFEFGGQGIGGYGQGTGAAAAAAASDGGLGGGQGAGGLSGPGAGSAASAGSGGSGGKQFGYQYLSGSASSTSVAASAVGLQREAQYPLLAPGLSADGLNDAGGSSVGVNLVQQGIGQGPYGQGVQGQSAGTHGQEGLGGYGQGSGADGGQGGLGGGQGGFGAGGAGQGQGSGLGGLGDYGQGASGCEVGGYSGELGQGSGAAAAAAAAGGLGGSGGYGQGGYGLGQGAGTGSGQGGLGGVGSAASAAAAAAGNGGLGGQGAGGGNQGGYGRGGYGAGSAAASAAGAAGAGQGGYGQGRRGGYGQGSISASVSTATAAVSGQGYGGPGSGAAAAAAPGASSAGVGDYGRGGNSSTAATYSAATSRGIGAGQGGYGGGAGGAGAEGQGGYGQSAGAGAGATAAGAAGAGGAGQGGQGGYGQGGQGGYGQLQGGSGAAIAAAAAAAAAAAAAAGQGGYGQGQGGLGGSGQGAGAAAAAAGAA;GYGGLGSQGAGGAGQGGYGAGQGGAGAAAAAAAAGGQGGQGGYGGLGSQGAGGAGQGGYGAGQGGAGAAAAAAAAGGQGGQGGYGGLGSQGAGGAGQGGSGAAAAAAAAGGAGGAGRGGLGSGGAGQGYGGLGSQGAGGAGQGGYGAGQGGAGAAAAAAAAGGQGGQGGYGGLGSQGAGGAGQGGYGAGQGGAGAAAAAAAAGGQGGQGGYGGLGSQGAGQGGYGGGAYG
GenerateSequence<0.18,0.17,0.28,0.22,0.3,0.18,0.2,0.26>; SSSSASASASAGGAGGYGSQASGAAASAGGGYGQGPSQGAQSYGAGASGAGPQGQSSYQYSVSVASQDSGSQGTTGGGQGGYRASGSQGSSAAAVAAAGGDGGQGSYGPGGSSASAAAAQTRREYVGNALRAAGAGGAGQGASGAAAAAAAAGGQGGQGGYGGLGSQGAGQGAAGAGGAGQRGGAGQGSGSGVGAARSGRQYGGAGPGSVSAAAAASDGGRGGYGGLGRGGDSGAAAAAAASDGGRGGYGGLGRGGDSGAAAAAAASDGGRGGYGGLGRGGDSGAAAAAAASDGGRGGYGGLGRGGDSGAAAAAAASDARGGYGGLGS;NTVSASASGGGGGGYGGPSYGSSAAAASASAAGAGPSQQGPGSYGPSGPGGYGPSGSSAAAAAAASGGQGPGSYGPSGSGGAGPSGPGGYGPGSRGPSGPSGPGAAAAAAAASGPGGYGPSGPSGPGSQGPSGPSNQGPGGSSAAAAAAAASGPGGYGQGSQLPSGPGGYGPGSQGPSGPRGYGPGSQGPSGPGSQGPSGPGGYGPGSQGPGGASAAAAAANEISGSYAAAGGSSGGGSYGGGGSGQGGYGQGAYASASAAVAYGSAPQGAGGPAPQGPSQQGPVSQGPYGPGAAAAAAATGGYGPGAGQQGQQGPGSQGPGSGGKQGPSGQGPYGPSAAAAAAAAGGYGPGAGQQGPGGAGQQGPGSQGPGGAGQQGPGGQGPYGPGAAAAAAAAGGYGPGAGQRGPGANEISGSYAAAGGSSGGGSYGGGGSGQGGYGQGAYASASAAVAYGSAPQGAGGPAPQGPSQQGPVSQGPYGPGAAAAAAATGGYGPGAGQQGQQGPGSGGQQGSGGQGSGQQGPGGAGQQGPGGQGPYGPGAAAAAAAAGGYGPGAGQQGSGSQGPGGQGPYGPGAAAAAAAAGGYGPGAGQQGPGGAAAAAAAAAGGYGPGAGQQGPGSQGPGGAGQQGPGGAGQQGPGGAGQQGPGGYGQQGPLGLDPYGPGAAAAAAAAGGYGPAGAGQQGPGGAGQQGPAGLGPYGLGAAATAAAAIGYGPGGAGQQGPAGAGQRGAYGPAAAAAGLFGPSAGQQGAGSSGQQGPGNQGPYGPGAAAAAAAALGFGPGSGQQGPGGAGLQGAGGLGPYGPGAAAAAAAASGGYGPGAGQQGPGAGQQGPGAGQQGPGGTGQQGPYGPGAAAAAAGGYGQQGPGAGPYGPGGGAGGYGPGSQGPGGASAAAAAAASGPGGYGPGSQGPSGPGSQGPSGPGGYGPGSQGPSGPGGYGPGASGPGGAGGYGPGNQGSGGASAAAAAAAASGPGGYGPGSQGPSGPGSQGPSGPGGYGPGASGPGGAGGYGPGSQGPGGASAAAAAAASGPGGYGPGSQGPSGSGAYGPGS
GenerateSequence<0.23,0.45,0.32,0.13,0.17,0.18,0.32,0.81>; SASASASAGGGGGSGGYGGPSYGGGYGPSGGATVSVSASTAGSGSGSRGPSAPVQQGPGGYGPSGSSAAAAAATSGGQGPSGLGPQGPSGPGGYGPSSPGSSGPSGPGGSGPGGYGPGGSGPGGYGPGGPGASAAAAAAAASGPGGYGPGGPSGPGGASGPGGYGPGGYGPSGPGASAAAAAAVGGGGPGSSGPGGPSGPGGYGPGGSGPGGASAAAAAAATGGSGPGGAGPGGYGPGGAGPGGYGPGGAGPGGYGPGGYGPGGSGPGGASAAAAAAAAGGSGPGGSGPGGYGPGGSGPGGASAAAAAAAGGGGGGFGGGSYGPGGSGPGRAGPGGYGPGGSAPGASAAASAAAAISSPASTSRISSVASRLASGGPISTSTLSNTIGSVVSQVQSSNPGMGQQASQGGYGPGAGQTSYGQGGPSGPGYGGPGQGGYGPGGYGPGGSGPGSAGAAAAAAASGGQGGDGYPGGAGPDRAAAAAAASGGG;SSSSASASASAAGAGGYGGGAGQGGAGAAAAGAGGAGLGGYSAGPSYGGQGAGGAAAAAAAAAAAAQGGQGGYGGQASQGAGAAAAAAGAAGAGSGGYGQGGAGAGNAAAAAAAAAAAAGAGRGGYGQGGSGAGSAAAAAAAAAAAAQGGQGGYGGMGGQGAGAGAAAAGAAGAGSGGYGQGGAGAGNAAAAAAAAAAAAAAGRGGYGQGGAGAGSAAAAAAAAAAAAQGGQGGYGGMGGQGAGAGAAAAGAAGAGSGGYGQGGAGAGNAAAAAAAAAAAAAAGRGGYGQGGAGAGSAAAAAAAAAAAAQGGQGGYGGMGGQGAGAGAAAAGAAGAGSGGYGQGGAGAGNAAAAAAAAAAAAAAGQGGYGQGGSGAGAAAAAAAAAAQGGQGGYGGMGGQGAGAGAAAAGAAGAGSGGYGQGGAGAGNAAAAAAAAAAAAAAGRGGYGQGGAGAGSAAAAAAAAAAAAQGGQGGYGGMGGQGAGAGAAAAGAAGAGSGGYGQGGAGAGNAAAAAAAAAAAAAAAGRGGYGQGGAGAGSAAAAAAAAAAAAQGGQGGYGGMGGQGAGAGAAAAGAAGAGSGGYGQGGAGAGNAAAAAAAAAAAAAAGQGGYGQGGAGAGSAAAAAAAAAAAAQGGQGGYGGMGGQGAGAGAAAAGAAGAGSGGYGQGGAGAGSAAAAAAAAAAAAGAGRGGY
GenerateSequence<0.23,0.45,0.32,0.13,0.17,0.18,0.32,0.81>; ANDVYGNAAGGGGGGGYGPSGSGGSSLVSGSSSVSISVSSQGGQNQPNINGPGGVGPLSGSSGASAASTSSTTTSTKTSYGTQGPSTGGYGFSTGSSASNSIGGAGGAGGYGPGSSGSSGTQGPSTSATSAAAAAAAASGPGGYGPRSQGPSGPGSQTEDDSSSASASSSGYSGGGGSQGYGPSQAASSATASTATSAGGSGGQGPYGPYGSGSQGPSGPGSYGPGGSSAAAAAAASGGSGPGGYEQGRGSQGPGAGSQASGPGGYGSGGAGSSGASAAASAPGGQGPYGPSAPGGPGYGPQGYGPSPSASYGSSAAGGSAAAAAAAAAAGGAGGAGGQGLGGYGQGGQGGYG;NIASASASAAAGGGYGAPSYSPSSYGPAPQQSSASASVSGPGPRGQAPSAPAGYRPSGPAQQGPAGYRPSGPGGATAAAASAAASGPGPQGPGPQGPGAYGPGPQGPGQQGPSGPSAAAAAAAAAGGRGPSGPGPMGPGPMGPGPMGPGGYGPSGPGSAAAASAAAAAGGPEGQGPYGPGPQGPGVYGPSPQGPGGYGPSGDGGAAVAAAAAAAAAAAAAGGQGPSGPGGNGPSGPGGAAAAASAAAGAGGPGRQGPGSYGPYPMGPGGYGPSGDGGAAAAAAAAAAAAAAAAGGQGPSGPGGNGPSGPGGAAAAASAAAGAGGPGRQGPGSYGPYPMGPGGYGPSGDGGAAAAAAAAAAAAAAAAGGQGPSGPGGNGPSGPGGAAAAASAAAGAGGPGRQGPGSYGPYPMGPGGYGPSGDGGPQGPGPYGPGPQGPGGYGPSGPGSAAAAAAAAASGPGPQGPGPQGPGPYGPGPQGPGGYGPSGPGSAAAAAAAAASGPGPQGPGPQGPGPYGPGPQGPGGYGPSGPGSAAAAAAAAASGPGPQGPGPQGPGPYGPGPQGPGGYGPSGPGSAAAAAAAAAAASGPGPSGPGPQGPGAYGPRPQAPGGYGPSGPGGAAAAAAAAAASGPGGQ
GenerateSequence<0.5,0.22,0.27,0.28,0.42,0.2,0.48,0.16>; TNEVSSSAGSGGGGGGGSGGGYGPGSYSSASAVSVSGPGPQGPSGPSPQGPSPQGPSPQGPYGPGPSVSVATVSGPYGPGPSGPSPQGPSPSGPQGPGPQGPSPRGPSPQGPYGPGPSGPSPQGPSPQGPGPQGPYGPGPTVSVATVSGPYGPGPSGPGPQGPSPQGPSGPGPQGPGPMGPSPQGPSPQGPSPQGPSPQGPYGPGPTVSVATVSGPYGPGPSGPGPQGPSPQGPSPQGPYGPGPSVSVATVSGPYGPGPSGPGPQGPSPQGPSPQGPYGPGPSVSVATVSGPYGPGPSGPGPQGPSPQGPSGPGPQGPGPMGPSPQGPAPQGPSPQGPSPQGPSPQGPYGPGPTVSVATVSGPYGPGPAGPGPQGPSPQGPSPQGPYGPGPSVSVATVSGPYGPGPSGPGPQGPSPQGPSGPGPQGPGPMGPSPQGPAPQGPSPQGPSPQGPSPQGPYGPGPTVSVATVSGPYGPGPAGPGPQGPSPQGPSPQGPYGPGPSVAVATVSGPYGPGPSGPGPQGPSPQGPSGPGPQGPAPLGPYPQGPAPQGPSPQGPSPQGPSPQGPYGPGPTVSVATVSGPYGPGPAGPGPQGPSPQGPSPQGPYGPGPSVAVATASGPYGPGPSGPSPQGPSRQGPSGPGPQGPASRGPSPQGPYGPGPSGPGPQGPSPQGPGPQGPYGPGAAAVAVAGPYGPGSGPQGPGPAASAANRLSSPQASSRVSSAVSSLVSSGPTSPAALSNTIGNVASQVSASNPGLSSCEVTVQTLMEVVSALVHILGSSSIGQINYGASAQYASMVGQSVAAALA;SASASASAGGGGGSGGYGGPSYGGGYGPSGGATVSVSASTAGSGSGSRGPSAPVQQGPGGYGPSGSSAAAAAATSGGQGPSGPGPQGPSGPGGYGPSSPGSSGPSGPGGYGPSGSGVSAAAAAAENGPGGYGPGSQGPSGFSGPGAYGPGSQGPGGPGASSAAAAAAASGPGGYGPGSQSPSGPNGPGAYRPGSQGPSGPGGYGPSGPGSPGPGGPGASAAAAAAAAGGPGGYGPGSQGTSGPGGYGPSGPGAANAVSASASAAAGGGGGGGYGASSYGPSQGASSVSASAAAAAAGGGPSGPSQQGPGPQGPYGPGAAAAGGYGPQGPRQQGPGGQGPNGLGSAAAAAATDGGYGPGSGQQGPGSQGPGQQGPGGQGPYGPGTAAAAATAGGYGPGSGQQGPGSQGPAGQGPYGPGSSTGEAAAGGYGPGSGQQGPGGQGPYGPLSAAAAAAAAGGYGPGTGQQGPGGSGQQGPGVQRPNGPGAAAATAAAGGYGTGSGQQGPGSQGPGAAGQQGPGGAGQQGPGGQGPYGPGSAAAAAAAGGYGPGTGQQGSGSQAPGGYGQQGPGKQGPGGAGQQGPGEQRQFGPGAAAAATAAGGYGPGSGQQGPGSQGPGGDGQQGLGGQGSYGPVSAAAAAAAAGGYGPGTGQQGPGGQGPFGPGAAAAAAEGYGPGSGQQGPGSQGPGGAGQQGPGGAGQQGLGGQGPYGSGAAAATAAAGGYGTGSGQQGPGSQGQGAAGQQGPGGVGQQGPGGQGPYGPGSAAAAAAAGGYGPGSGQQGPGSQAPGGSGQQGPGSQGPGGAGQQGPVGQRPIGPGAAAATTAAGGNGPGSGQQGPGSQGPGGAGQQRPGGQGSYGPGSAAAAAAAAGGYGPGTGQQGPGGEGQQGPGGQGSFGPGAAAAASAAGGYGQGSGQQGPGSQGPGGSGQQGLGGAGQQGLSGQGPYGPGAAAAAAAAAGGYGPGSGQQGPGSQAPGGSGQQGPGSQGPGGAGQQGPVGQRPFGPGAAAAATASGGYGPGIGQQGPGSQGPGGSGQQGLGGAGQQGLGGQGPYGPGAAAAAAAAGGYGPGSGQQGPGSQGPGASGQQGPGGAGQQGPGGQGPYGPGSTAAAAAAGGYGPGSGQQGPGSQAPGGSGQQGPGSQGTGGAGQQGPGVQRPFGPGAAAAAAAAGGYGPGRGQQGPGSQGPGRDGQQGPGGQGSYGPGSAAAAAAAAGGYGPGSGQQGPGGAGQQSPGGQGPFGPVAAAAAAAAGGFGPGSGQQGPGSQGPRGDGQQGQGGAGTQGLGGQGPYGPGAAAAAAAAGGYGPGSGQQGPGSQGPGGAGQQAGQQGPGGQGPYGPGSAAAAAAGGYGPGSGQQGPVSQGSGGSGQQGPGSQGLGGAGQRGPGVQGLYGPGGADAAAAAGGYGPRSGQQGPGSQGPGGAGRQGPGGPAEGAAISVSFGYGLGSVQQGPGQQLPGQQGPVEQGPYGPGAASSAVSV
GenerateSequence<0.5,0.22,0.27,0.28,0.42,0.2,0.48,0.16>; GPGSQGPSGPGSQGPYGPGSQGPGSQGPYGPGSQGPGSQGPGGASAAAAAAAASGPGGYGPGSQGPGAQGPSGPGSQGPYGPGSQGPGSQGPYGPGSQGPGSQGPYGPGSQGPGGASAAAAAASASGPGGYGPGSQGPGSQGPSGPGSQGPYGPGSQGPGSQGPYGPGSQGPGGASAAAAAASASGPGGYGPGSQGPGAQGPSGPGSQGPYGPGSQGPGGASAAAAAAASGPGGYGPGSQGPSQQGPYGPGSQGPSGPGSSASAAAARLSSPSASSRVSSAASSLASSGGADSGALSSVISNLVSQISYSSPGLSGCDVLVQALLEVVSALVHILSSASVGEVNYSTAGQSTQMVAQAFYQAMG;SETASAAAASGTGGYSAPAYGTSSYGPSQGTSASSVSVSLSATESGYGGQGIYGPGGYGPTGPASAAASSAAAAGVTGDQRSFGPVYGSSGSVSAAAAASVGGTAGQGANGPGGYGQSAPGGSAAAAATAGGTGGIGGYGPAGTGGAAATSTASAGGTGGQGAYGPRGYGPSASGGGALAAAAGGTGGQGTYGPGGYGPFGTGGAAAASAAAAGGPGGQGAYGPGGYGPSGTGGDSLAAAAAAGGSGSQGLYGPGEYGQSGSGGSAAAAAGGAGGRGSNGLGEYGPFGSGSSAAAAAAGGTGGQGAYGPGGYGQTGSGGVAAVASAGVPEDQGSYGPAGYGSSGPEGASSNAAAAAAAGSGGRGANRLGGYGPAGLGAAAAAATAAGGPGGTGAAAAAASRGQGGDGYGNGLGGQGGYGPSGSGAAAAAAASGGQGDGGYGQGYGPSGSSSAAAAAASGRGRGGRRGAYGSGGSGAAAAAAAATGGSGDDGYGDGFGGQGGYGQGGSGSAAAAAASRGQGGDGYGNGLGGQGGYGPSGSGAAAAAAASGGQGDGGYGQGYGPSGSSSAAAAAASRRGRGGRRGAYGSGESGAAAAATGGSVDDGYGDGFGGQGGYGQGGSGSAAAAAASGGQGGDGYGNGLGGQGGYGPSGSGAAAAAAATGGQGDGGYGQGYGPSGSSSAAAAAASGQGRGGRRGAYGSGGSGAAAAAAAATGGSGDDGYGDGFGGQGVYGQGGSGSAAAAAATGGQGGDGYGNGLGGQGGYGPNGSAAAAAAAASGGQGDGGYGQGYGPGGSSSVAAAAASGRGRGGRRGAYESGGSGAAAGAAASGGEGGNGYGDGQSIYGPGGSGAAAAAAASGSSGSSAAAAASGGQGRNGFGGPGRYGQGAAGSSATAAAASGGLGGNGLGGQGGYVQGASGGAAAAAASGSGRGGRRRYGQGGSGASSAAAGAFNNDGSRGGYGGQGGYGGQGGYGTGGSSAAASSASGS
GenerateSequence<0.16,0.53,0.18,0.12,0.21,0.3,0.19,0.3>; VSSGGYGASSSAAAAASASSAGGYGPGGGQSAQVKQEIGGLINAMSQTGAVSQGGYGPSVQGQSGGQQGPSGGQQGPSAGGGQGPSAAAAAGGYGSGPGGQGQYGPGQQGPGGYGPSGPGQQGPGQQGPQQQGPYGPGQQGPGGYGPSGPGGAAAAAAGTGQQGPGGYGPSGPGQQGPGGSGGQGPYGPGQQGPGSYGPSGPGGAAAAAAAAAAGGPGGQGPYGPSQQGPSGPGQQGPGGYGPSGPGGAAAAAAAAAGGPGGQGPSGPGQQGPGGYGPSGPGGAAAAAAAAAGGPGGQGPYGPGQQGPGGYGPSGPGGGGPVGAAAAAAAAGGQGPYGPGQQGPGGQGPYGPGQQGPGGYGPSGPGGAAAAAAAAAAGGPGGQGPYGPGQQGPGGY;SATASAAAASGTGGYGGPAYGPSSYGPSQGTSASSVSVSLSATGSGYGGQGTYGPGGYGPSGPGSQ
GenerateSequence<0.16,0.53,0.18,0.12,0.21,0.3,0.19,0.3>; NDVSGTASAAASATSSSTSGSYGPSQGGNSYGSGASYGSSGASSASATATSYRPGPADYRPTGSGATRASAGAASASQGQSSLVSISYSNSVGGALTGNYGSDDIYTVTSQTSNGIGGRGSTLQIGRGQGARGGAGGDGSGRRGAGGYGPGSVAGADASVATSISVSASTQQGPSQTISSQGTYRPTGLGTGPPGPPGPPGLTGPSGLRGQPGYSSSSSAIAISLGYGQNGYGPSSGASGSEGTNSSSGGSGGLSGVAQGPSASGSSGSGQGYSPESSATVSSAASRILADSEDNRASSYSEVLVSSAAAALHAFASVSEVFGGGSCSVDYNSSYGQSSYYGSAGAATAAATSGSGSGGQRGYGNGQSGSGYTSSTASSAAVSDSGASGSGYVQFGSVGQTSSGQTSGSVGSSAGTSQGYGPGQSGYPVGSSASSAASAGGSGYNSVSSTRPLGVLPAGPSGYTGPSGPSGYSGQNEYGSGSAATAASTSAATSGGQGPYGQGPNPGPGTGPNSGSSEPGGSLGRYGPVSQGAAGAFDLEDGGGYMQGPSGDIDSVASSASASASGGYGASYGTGRVGTLGYGIGTGLGGQGKSSG;SASSASVSASAGGSGGYVQGSQGYGQGSQGGASASAAVSASASGGYGPGSQGPSGPGPQGPSGPGPQGPSGPGPQGPSGPGQSSYQYSISYSSQRGSQGPSGGQGGSGAAAAAAAAGGQGGQGGYGGLGSQGAGGAGQGGYGAGQGGAGAAAAAAAAGGAGGQGGYGGLGSQGAGGAGQGGYGAGQGGAGAAAAAAAAGGAGGQGGYGGLGSQGAGGAGQGGYGAGQGGAGAAAAAAAAGGAGGQGGYGGLGSQGAGGAGQGGYGAGQGGAGAAAAAAAAGGAGGQGGYGGLGSQGAGGAGQGGYGAGQGGAGAAAAAAAAGGQGGAGAAAAAAAAGGAGSRGGMGGLGSQGAGQGGYGAGGAGAAAAAAAAGGQGGQGGYGGLGSQGAGGAGQGGYGAGQGGAGAAAAAAAAGGAGGAGRGGSGAGGAGQGYGAGLGGQGGAGQGGAGAAAAAAAAGGAGGRGGMGGLGSQGAGQGGYGAGGAGAAAAAAAAGGQGGQGGYGGLGSQGAGGAGQGGYG
GenerateSequence<0.16,0.53,0.18,0.12,0.21,0.3,0.19,0.3>; VSVSSAGGYGPSASVGGTAGVSGGYGPGPQQNAYGPREGPSGPKYSQGPSG;GGAGQQGPGGAGQQGPGGQGPYGPGAAAAAAAAGGYGPGSGPQGPGSQGPGGAGQQGPGGAGQQGPGGQGPYGPGAAAAAAAAGGYGPGSGQQGPGSQGPGGAGQQGPGGAGQQGPGGQGPYGPGAAAAAAAAGGYGPGSGQQGPGSQGPGGAGQQGPGGAGQQGPGGQGPYGPGAAAAAAAAGGYGPGSGPQGPGSQGPGGAGQQGPGGAGQQGPGGQGPYGPGAAAAAAAAGGYGPGSGQQGPGQQGPGQQGPGQQGPGSQGPYGTGAAAAAAVSSGYGPGSSQQGPYQQGPGQQGPGGQGSYGPGAASAAVSSQGPGGAGQQGPGGQGPYGPGAAAAAAAAGGYGPGSGQQGPGQQGPGGQGQYGPGAAAAAAAAGGYGPGSGQQGPGQQGPLGQGPYGPGAAAAAAAAGGYGPGSGQQGPGGAGQQGPAGQGPYGPSAAAAAAAAVGYGPGSQGPGSQGPGGAGQQGPGQQGPGGQGPYGPAAASAAASV
GenerateSequence<0.16,0.53,0.18,0.12,0.21,0.3,0.19,0.3>; QANEVSYGGSSGGSGASASSSAVASAAASAAGGYGPSGPAQSYGPSQGPSSYSSSVQYGPSSSIRQYGPSSQGPGGPGSSGPARTAGPGGYGPGRQGPGQQGPGGYGPGAAGTAMEGPGGPGSSGPGQRGPGQQGPGGYGPG;GGYGQGGPGGAAAAAAAPGGQGGQGGYGQGGPGGAAAAAGGGQGGNGLGGQGGSGQSGSGVASAAAAGSGGQGGDRYGKEFGGQGSSASSAAASSSGDGYGGGYGGQGGNGGAASSADAFGQGREGGQRGVIKRRIIYKRGPGRNGLGGLGSSAAAVASDGFGGDGYGAGNGGEDGSSSAAAAASAAGQGGDGYEPGASSSSSTAASGMGDGSGRGGYGQGGSGASSAAAASSDGDGSRGGYGGQGGSGAAAAAASGGQGGNELGEQGGYGRGGPGGAAAAAAASGGQGGNGLGGQGGYGRGGSGASSAAAASSDFDGSRGGYGGQRGSGAAAAAASGGHGGNGLGGQGGYGRGGPGGAAAAAAASGGQGGNGLGGQGGYGRGGSGASSAAAASSDFDGSRGGYGGQRGSGAAAAAASGGHGGNGLGGQGGYGRGGPGGAAAAAAASGGQGGNGLGGQGGYGAGGPSAAAAAASGS
GenerateSequence<0.13,0.05,0.29,0.15,0.25,0.19,0.2,0.11>; NEVAYSGGYGGYGASGVSGAAASAAAASGQAGYGPRQQGPGAASSAAAAAGGPRGYGPSQQGPGASSAAAAAASGPGGYGPQQQGPGAAGAAAAAAGGPRGYGPSQGPGAAAASGPGGYGPAQGPGAAAAAAGGPGGYGPGQQGPGSAAAAAAAAGGPGNQGPGAYGPSGPGNAGAAAAAASGPGGYGPGQQGPGSAAAAAAGGPGGYGPAQGPGAAAAAAGGPGGYGPGAYGPSGPGDAAAAAAAAGGPGGYGPGQQGPGSAAAAAAGGPGGYGPAQGSGAAAAAAGGPGGYGPGQQGPGSAAAAAAAASGPGGYGPGNQGPGAYGPSGPGSAGAAAAAASGPGGYGPGQQGPGSAAASAAGGPGGYGPAQGSGAAAAAAGGPGGYGPGQQGPGSAAAAAAAAGGPGGFGPGNQGPGAYGPSGPGSAGAAAAAASGPGGYGPGQQAYGPSGPGNAGAAAAAASGPGGYGPGQQGPGSAAAAAAGGPGGYGPAQGPGAAAAAAGGPGGYGPGAYGPSGPGDAAAAAAAAGGPGGYGPGQQGPGSASAAAAGGPGGYGPAQGSGAAAAAAGGPGGYGPGQQGPGSAAAAAAAASGPGGYGPGNQGPGAYGPSGPGSAGAAAAAASGPGGYGPGQQGPGSAAASAAGGPGGYGPAQGSGAAAAAAGGPGGYGPGQQGPGSAAAAAAAAGGPGGFGPGNQGPGAYGPSGPGSAGAAAAAASGPGGYGPGQQGPSGPGAAAAAAGGPGGYGPGQQGPGNAAAAASAASGPGGYGPGAFGPSGPGSSGAAAAAASGPGGYGPSQQGPGAAAAAAAAPGGYGPVQQGPGSSAAAASAAAGPGGYGP;ANEVSYGGSSGGGGGAAAAASASAAGGGYGSSAPSSGGYVSGPSYGPSGSSSYQVSVSNSVSGGYGPGQGPSGPITQGPGSVGPTGPGSVGPSAPGSVGPSSPGQQGSYGPGPSSSVSIAVSSSSGPGGYGPSGPGTQRTSGTGSQAPGGYAPSNQGPGAAAAAAAAAGGSGQGGYGTGQGGQGNYGTGQGGQSGAAGAAAAAAAAAGGQGGYGSGQGGQGGSGQGGQGGSGQGGQGGTGQGGQGGYGSNQGGRGVYGSGQGGQGGGSGDSAAAAAAAGGGSGVGGGQQGSGQGGYGSGQRGSGGGPAAAAAAAAAAGPGGYGPGQGGLGGPGQGGQGGQSGYGSGQGGLGGGAAAAAAAAAAAGPGGYGPGQGGLGGSGRGGQGGSGQGGQGGYGQGGQGGSGQGGQGGYGSGQGGLGGGAAAAAAAAAAGGAGSGRQGGSGQGGQGGFGQGGQGGSGQGGQGGYGSDQGGLGGYGSGQGGQGGGAAAAAAAAAGGAGSGGQGGSGQGGQGGYGQGGQGGSGQGGQGGYGSGQGGRGGYGSGQGGLGEGAAAAAAAAAAGGAGSGGQGGSGQGGQGGSGQGGQGGYGSDQGGRGGYGSGQGGLGGGAAAAAAAAAAGGAGQGGQGGSGQGGQGGSGQGGQGGYGSDQGGRGGYGSGQGGLGGGAAAAAAAAAAGGAGSGGQGGSGQGGQGGYGQGGQGGSGQGGQGGYGSDQGGRGGYGSGQGGLGGGAAAAAAAAASGGAGQGGQGGSGQGGQGGYGSDQGGRGGYGSGQGGQGGGAAAAAAAAAAAAGGPGGYGSGQGGLGGSGLGGQGGSGQGGQGGYGSGQGGLGGGSGAAAAAAAGGPGGYGSGQGGQGGSGLGGQGGYGSGQGGLGGGSGAAAAGAAAAAAAAAAGGPGGSGSGQGGQGGSGLGGQGGYGSGQGGLGGGSGAAAAAAGGPGGYGSGQGGLGGSGLGGQGGSGQGGQSGYGSGQGGLGGGSGAAAAAAAAAGAPGGYGSGQGGSGLGGQSGYGSGQGQGGQGGGAAAAAAAAAAGGAGQGGQGGYGSDQGGRGGYGSGQGGLGGGAAAAAAAAAAGGAGQGGQGGSGQGGQGGYGQGGQGGSGQGGQGGYGSDQGGRGGYGSGQGGLGGGAAAAAAAAAAGGAGSGQGGQGGYGSDQGGRGGYGSGQGGLGGGASAAAAAAGGAGGSGLGGGYGGQQGGYGSGQ
GenerateSequence<0.74,0.13,0.59,0.58,0.79,0.05,0.3,0.08>; TNEVASSAASAGGGSGGGGSGQGGYASASAAGTYGSAPQQGGYAPAQGPSQQGPVSQGPYGPSASVAVTTVGGYGPAPTGPSQQAPAQQGPGSQGPYGPGPTATAVSAYSQQGPSGPGPQGPSGPGPQGPSGPGPQGPYGPGAAAAGGSGRGPQGPGPQGQGSGPYGPGSSGPGGQGPYGPGSAAAAAAAAGGYGPGAGGPQGPGGSGPQGPGGAGQQGPGGQGPYGPGSAAAAAAAAGGYGPGSQGPVGPGGAGQQGPGGQGPYGPGSAAAAAAGGYGPGAGQGGYGGEGSQGGAPGGSGGSAAAAAAAAGGYGPGSSGPGAYGPSGSGGASAAASRLSSPQASSRVSSAVSSLVSSGPTNPTISSAISSTLGGA;ASSSSASVGASAGGAGGYGPQGSSSSSVAVSASAAGGYGPGPQGPGPQGPGPQGPGPQGPGSRGPGPRGPGPQGPGIASVSVSSAATGGYGQGPSQGPQSYGPGPQGPGQQGPQGSGPQGTGPRGPGPQGPGIASVSVSSAATGGYGQGPSQGPQSYGPGPQGPGQQGPQGPGPQGPGPQGPGPQGPGQSSYEYSISISSQSGSQGTSGRQGGSGLGSQGAGGAGRGGYGAGQGGAAAAAAAAGGSGGQGGYGGLGSQGAGGAGQGGYGGGQGGAGAGAAAAAAAAGGSGGQGGYGGLGSQGAGGAGQGG
GenerateSequence<0.74,0.13,0.59,0.58,0.79,0.05,0.3,0.08>; NEISSASAAADASASASAGGGYGPSGPSSGPSQGSYQYSISINSQGGYGGSQRGPSGPQNTYSGGYGQATSSDGSGGDGSGGDSAASTAAAATGGSGPGAGGEGAGSQGNYGGQGGVSAAAAAAASGPGGYGPQGRYGAPGSSSAAAAAAAAGGAGSGPGGYGPGGSGPGGSAAAAAAAAGGSGPGGGSGGYGPGGSGDSAAAAAAGGSDGFGAGQGYSAGSGSSSAAAAASSSGSGGDSQSVGAYSAAAAAAGGPGPGGGGYGPGSGGTGQYGGDNTGYGNGLGGQGGYGGGGGGSSSAAAASGGSGGSGPVSYRPVSGPSGPGYGPGARSGAASASAAAGGSGAGQGPGGYG;SNEVSSSAASSGGGGAGYGQGSYASVSVAGTYGSAPQSPGGYGPAQQGPSQQGPGSQGPYGTSASVSISAIGGYGQGGGQQGPIGPSQQGPGQQGPIAPRQQGPGPQGPVGPSQQGPGQQGPSGPSQQGPGSQGPYGPSASVSISAVGGYRQGGGQQGPSQQGPGQQGPIAPSQQGPGPQGPTGPSQQGPSGPSQQGPGSQGPYGPSASVAITTVGGYGSGLGQQGPGSQGSGQQGPGGQGPYGPSTASAVVALGGYGSAGGQQGPGGQGPGSGGQQGPGGSGQQGSGSQGPYGPGASAAAAVAARGYGPGGSGQQGPGGQGPGSGGPQGPYGSGAAAAAAAGGYGPGGSGQQGPGGAGQQGPGSGGPQGPGGAGQQGPGSGGPQGPGSGGPQGPGSGGPQGPYGPGATAAAAAAGGYGPGGSGQQGPGGGAPQGGGNGGQQGPGGQGPYGPSSTAAAAVALGGYGPGSGQQGPGGQGPGSGGQQGPGGQGPGSSGQQGPGGQGPYGPSSAAAAAVALGGYGPGSGQQGPGGQGPGSGGQQGPGGQGPYGPGLSAAAATATGGYGPGSGQQGPGGVASSSSASAASGGGYGAPSYGPSSYGPSQGATSASSVSISASAFGGGPGRQGPSAPAQQGPGSYGPSGPGGASAAAAVSAVGGPGGQGPSGPGQQGPYGPSQQGPGRQGPGGYGPSGPGGASAAAAAASAGGPGGQGPSGPGQQGPGGYGPSGPGQQGPGGYGPSGPGGASAAAAAAVAGGQGPSGPGQQGPGGGPGGQGPGSGGQQGPGGQGPYGPGSSAAAAAATGGYGPGSGQQGSGGQGPGSGGQQGPGSGGQQGPGDLGPYGPGASAAAAAALGGYGPGSGQQGPGGYGPGSGQQGPGGQGPGSGGQQGSGGQGPYGPGSSAATAAATGGYGPGSGQQGSGGQGPGSGGQQGPGGQGSGGQGPGSGGQQGPYGPSSAAAAAVALGGYGPGSGQQGPGSQGPGSGRQQGPGSGGQQGPGGQGPYGPGSSAAAAATRGYGPGSGQKGSGSQGPGSGGQQGPGGQGPGSGGQQGPGGLGPYGPGASAAAAAAFGGYGPGSGQQGPGGYGPGSGQQGPGGQGPGSGGQQGPGGQGPGSVGQQGQGGQGLYGPSSAAAAAVALGGYGPGSGQQGPGGQGPGSGGQQGPGGQGPGSGGQQGPGGQGPYGPSSAAAAAVALGGYGPGSGQQGPGGQGPGSGGQQGPGGQGPYGPGASSAAAAAAGGYGPKSGQQGSGGQGPGSGGQQGPGGQGSYGPRSSAAAAAALGGYGPGSGQQGPGGQGPGSGGQQGPGGLVSYGPGAASAAVSVGGYGPSGPGQQGPGGYGPSGPGQQGPGGYGPSGPGGASAAAAAAAASGPGGQGPSGPGQQGPGGYGPSGPGQQGPGGYGPSGPGQQGPGGYGPSGPGGASASAAAAAAASGSGGQGPSGPGQQGPGGYGPSGPGQQGPGGYGPSGPGQQGPGGYGPSGPGGASAAAAAAAASGPGGQGPSGPGQQGPGGYGPSGPGQQGPGGYGPSGPGQQGPGGYGPSGPGGASASAAAAAAASGSGGQGPSGPGQQGPGGYGPSGPGQQGPGGYGPSGPGQQGPGGYGPSGPGGASASAAAAAASGSGGQGPSGQGQQGPGGYGPSGPGQQGPGGYGPSGPGQQGPGGYGPSGPGGASAAAAAAAASGPGGQGPSGPGQQGPGGYGPSGPGQQGPGGYGPSGPGGASAAAAAAAASGPGGQGPSGPGQQGPGGYGPSGPGQQGPGGYGPSGPGGASAAAAAAAFGPGGQGPSGPGQQGPGGYGPSGPGQQGPGGYPGGQGLGGQGPGGAGGQGPSGSGGPGGYGPGSQGPGGPGGYGPGSQGPGGYGPGGSGSSAAAAAAAAAAGPRGQGPSGPSGLGSQGPSGPGGYGPGSQGPSGPGSYGPGSQGPSGYGLGVSGVSAAAAAASGPGGYGPGSQAPSGPSGSSGPGYQGPSGPGGYGPSGPSRPGY
GenerateSequence<0.49,0.3,0.51,0.54,0.36,0.33,0.39,0.32>; ANEVSYGGSSGGSGVASAAGSGGGGYGPASSYGPSPQGPSSQGPYGPGPSVAVATVSGPYGPGPSGPGPQGPSSQGPAPQGPAPQGPSPQGPSPQGPSPQGPYGPGPSVAVATVSGPYGPGPSGPGPQGPSPQGPSGPGPQGPAPLGPFPQGPSPQGPSPQGPSPQGPYGPGPTVSVATVSGPYGPGPAGPGPQGPSPQGPSGLGPQGPALSSFAFSGPGRQGPSGPSPQRPSPQGPSPQGPSPQGPYGPGPTVSVATVSGPYGPGPAGPGPQGPSPQGPSPQGPYGPGPSVAVATSYGPGPQGPSPQGPSPQGPYGPGPSVAVATVSGPYGPGPSGPGPQGPSPQGPSGPGPQGPAPLGPYPQGPAPQGPSPQGPSPQGPSPQGPNGPGVSVSVATVSGPYGPGPSGPGPQGPSPQGPSGPGPQGPGPMGPSPQGPSGPGPQGPSPQGPSPQGPYGPGPTVSVATVSGPYGPGPAGPSPQGPSPQGPSGPGPQGPGISTALATVSGPYGPGPSGPGPQGPSPQGPSPQGPYGPGPSVSVATVSGPYGPGPSGPGPQGPSPQGPSPQGPYGPGPSVSVATVSGPYGPGPSGPGPQGPSPQGPSPQGPYGPGPSVAVATVSGPYGPGPSGPGPQGPSPQGPSPQGPYGPGPSVSVATVSGPYGPGPSGPGPQGPSPQGPSPQGPYGPGPSVSVATVSGPYGPGPSGPGPQGPSPQGPSPQGPYGPGPSVSVATVSGPYGPGPSGPGPQGPSPQGPSGPGPQGPGITSVATVSGPYGPGPSGPGPQGPSPQGPSPQGPYGPGPSVSVATVSGPYGPGPSGPGPQGPSPQGPSPQGPYGPGPSVSVATVSGPYGPGPSGPGPQGPSPQGPSGPGPQGPGPMGPYPQGPAPQGPSPQGPSPQGPSPQGPYGPGPTVSVATVSGPYGPGP;AGPSGGPGPYRAAQLGPVSQGPSGYGPGNAAAAAAAAAAAAAGSQGPGMGGPSGLGGAAAAAGAAGPSGGPGPYRAAQLGPVSQGPSGYRPGNAAAAAAAAAAAAAAAAGSQGPGMGGPSGLGGAAAAAGAAGPSGGPGPYRAAQLGPVSQGPSGYGPGNAAAAAAAAAAAAAAAAGSQGPGMGGPSGLGGAAAAAGAAGPSGGPGPYKAAQSGPVSQGPSDYGPGNAAAAAATAAAAAAAGAAGSQGPGMGGPSGLGGATAAAGAAGSSGGPGPYTAAQLGPVSEGPSGYGPGNAAAAASAESQGPTMYMPSRAGGAAAAGVVGGQGAYVPSQLGPVRF
GenerateSequence<0.49,0.3,0.51,0.54,0.36,0.33,0.39,0.32>; SSSSSSVSASTGGAGGYGPQAQGAASTAVSGRGPSRSQSQQSSFAYSAASNTAASQATVSGGSGPFGPSSQASASSFASSASSSLASSSSFSSAFSSATSVSALGNVGYQLGLNVANALGLGNAQAVAGALSQAVSGVGVGASSSAYANAVSNSVGQFLVGQGILNAGNAGALASSFANAVSSSAAASAASQSASQSQAAASAFSRAASQSASQSAARSGSQSSSSTTTTSTSGSQAASQSASSSASQASASSFAQASSASLAASSSFSSAFSSATSLSAVGNVGYQLGLNVANSLGLGNAQGIAAALSQAVSGVGVGASSSAYANAVSNSVGQFLAGQGVLNAGNVGSLASTFANAASAAAASASAASVGASAASQSASQSQSAASAFNRAASQSASESAARSGSKSSSSTTTTSSSGSESASQASSSSASQASASSFAQASSASLASSSSFSSAFSSATSLSAVGNVGYQLGLNVANSLGLGNAQALAAALSQAVSGVGVGASSSAYANAISNSVGQFLAGQGVLNSANAGSLASSFANALSATAASVGASSQSQAAASAFGQSPVLPQQGPTVSQTSFSRAASQSASSSASQASASSFAQASSASLASSSSFSSAFSSATSLSAVGNVGYQLGLNVANSLGLGNAQALAAALSQAVSGVGVGASSSAYANAISNSVGQFLAGQGILNAGNAGSLASSFANALSATAASVGASAASQSASQSQSAASAFNRAASQSASESAARSGSKSSSSTTTTSSSGSESASQASSSSASQASASSFAQASSASLASSSSFSSAFSSATSLSAVGNVGYQLGLNVANSLGLGNAQALAAALSQAVSGVGVGASSSAYANAISNSVGQFLAGQGILNAGNAGSLASSFANALSATAASVGASAASQSASQSQSAASAFNRAASQSASESAARSGSKSSSSTTTTSSSGSESASQASSSSASQASASSFAQASSASLASSSSFSSAFSS;SSSLDSAGASAAQTAGINGYGQGEAEAAAAAGAGSGIARRGGYGQDETGARDSAAIATAATAAGAGRAGRIGNYGQRGAGTGDSPAATVAGVGGAGRGGYDQGRAGATVAAATAGRGGYYQGGAGLGDAAAATGAGGAESSSSASASASAAGAGGYGGGVGQGGAGAAAAGAGGAGLGGYSAGPSYGGQGAGGAAAAAAAAAAAAQGGQGGYGGQASQGAGAAAAAAGAAGAGSGGYGQGGAGAGSAAAAAAAAAAAAGQGGYGQGAGAGSAAAAAAAAAAAAAAQGGQGGYGGMGGQGAGAGAAAAGAAGAGSGGYGQGGAGAGNAAAAAAAAAAAAAAGQGGYGQGGAGAGSAAAAAAAAAAAAQGGRGGYGGMGGQGAGAGAAAAGAAGAGSGGYGQGGAGAGNAAAAAAAAAAAAAAGQGGYGQGGAGAGSAAAAAAAAAAAAQGGRGGYGGMGGQGAGAGAAAAGAAGAGSGGYGQGGAGAGNAAAAAAAAAAAAAAGQGGYGQGGAGAGSAAAAAAAAAAAAQGGRGGYGGMGGQGAGAGAAAAGAAGAGSGGYGQGGAGAKRTNSMMTWTTRLALSFLVVICSQSLFALCQSPWQSASMAESFMTYFSEALGQSGAFTKEQIDDIDTIASSIKLGVDKMERSGKTSGSKLQAMNIAFASAVAEIATTEGGEQTAEVKTKAVADALAFAFIQTKGAVNINFINEIKNLISMFAQTNTISSSLDSAGASAAQTAGINGYGQGEASAASAAGAGSGIARRGGYGQDETGARDSAAIATAAAAAGAGGAGRIGNYGQRGAGTGDSPAATVATVTGVGGAGRGGYDQGRAGATVAAATAGRGGYYQGGAGLGDAAAATGAGGAERGGYGEGGAAAGDAATAAAGEQGGYGGQGLSGGNAAAAAAAAAAAAAAGRGGYGQGGAGAGSAAAAAAAAAAAAQGGQGGYGGMGGQGAGAGAAAAGAAGAGSGGYGQGGAGAGNAAAAAAAAAAAAAAGRGGYGQGGAGAGSAAAAAAAAAAAAQGGQGGYGGMGGQGAGAGAAAAGAAGAGSGGYGQGGAGAGNAAAAAAAAAAAAAAGRGGYGQGGAGAGSAAAAAAAAAAAAQGGQGGYGGMGGQGAGAGAAAAGAAGAGSGGYGQGGAGAGSAAAAAAAAAAAGAGQGGY
GenerateSequence<0.49,0.3,0.51,0.54,0.36,0.33,0.39,0.32>; SSSSAAASASAAGGGGYGGGAGQGGAGAAAAAAGAAGAGQGGYGQSYGGQGAGSAAAAAAAAAAAAQGGYGGQRSQGAGAAAAAAGAAGTGSGGYGQGGQGAGNAAAAAAAAAAAAAAGQGGYGQGGAGAGSAAAAAAAAAAAAARGQGGYGGQSSQGAAAGAAAAGAAGAGSGGYGQGGQGAGNAAAAAAAAAAAAAAGQGGYGQGGAGAGSAAAAAAAAAAAAAAARGQGGYGGQGAGAGAAAAGAAGAGSGGYGQGGQGAGNAAAAAAAAAAAAAAGQGGYGQGGAGAGSAAAAAAAAAAAAAAGRGGQGAGAGAAAAGAAGAGSGGYGQGGQGAGNAAAAAAAAAAAAAAGQGGYGQGGAGAGSAAAAAAAAAAAAQGQGGYGGMGGQGAGAGAAAAGAAGAGSGGYGQGGQGAGNAAAAAAAAAAAAAAGQGGYGQGGAGAGSAAAAAAAAAAAAQGQGGYGGMGGQGAGAGAAAAGAAGAGSGGYGQGGQGAGNAAAAAAAAAAAAAAGQGGYGQGGAGAGSAAAAAAAAAAAARGQGGYGGMGGQGAGAAAAAAGAAGAGSGGVGRGGQGAGDAAAAAAAAAAAAGAGRGGYGQGGAGAGSAAAAAAAAAAAAQGQGGYGGMGGQGAGAGAAAAGAAGAGSGGYGQGGQGAGNAAAAAAAAAAAAAAGQGGYGQGGAGAGSAAAAAAAAAAAARGQGGYGGMGGQGAGAAAAAAGAAGAGSGGYGQGGQGAGNAAAAAAAAAAAAAGAGRGGYGQGGAGAGSAAAAAAAAAAQGQGGYGGMGGQGAGAGAAAAGAAGAGSGGYGQGGQGAGNAAAAAAAAAAAAAAGQGGYGQGGAGAGSAAAAAAAAAAAARGQGGYGGMGGQGAGAAAAAAGAAGAGSGGYGQGGQGAGNAAAAAAAAAAAAAAGRGGYGQGGAGAGSAAAAAAAAAAAAAQGQGGYGGMGGQGAGAGAAAAGAAGAGSGGYGQGGQGAGNAAAAAAAAAAAAAAGQGGYGQGGAGAGSAAAAAAAAAAAAQGQGGYGGMGGQGAGAGAAAAGAAGAGSGGYGQGAGNAGAAAAAAAAAAAAAGGQGGY;NIASASASAAAGGGYGAPSYSPSSYGPAPQQSSASASVSGPGPRGQAPSAPAGYRPSGPAQQGPAGYRPSGPGGAAAAAASAAASGPGPQGPGPQGPGPYGPGPQGPGQQGPSGPSAAAAAAAAAGGRGPSGPGPMGPGPMGPGPMGPGGYGPSGPGSAAAASAAAAAGGPEGQGPYGPGPQGPGVYRPSPQGPGGYGPSGDGGAAAAAAAAAAAAAGGQGPSGPSGPGSSASAAAAAGAGGPGRQGPGSYGPYPQGPGGYGPSGDGGAAAAAAAAAAAAAAAGGQGPSGPGGYGPSGPGAAASAAAAAGAGGPGRQGPASYGPYPQGPGGYGPSGDGGAAAAAAAAAAAAAAAGGQGPSGPGGYGPSGPGAAASAAAAAGAGGPGRQGPASYGPGPQGPGGYGPSGDGGAAAAAAAAAAAAAAAGGQGPSGPGGYGPSGPGAAASAAAAAGAGGPGRQGPASYGPGPQGPGPGPYGPGPQGPGGYGPSGPGSAAAAAAAAASGAGPQGPGPQGPGGYGPGPQGPGGYGPSGPGSAAAAAAAAASGAGPQGPGPQGPGPYGPGPQGPGGYGPSGPGSAAAAAAAAASGAGPQGPGPQGPGPYGPGPQGPGGYGPSGPGSAAAAAAAAASGAGPQGPGPQGPGPYGPGPQGPGGYGPSGPGSAAAAAAAAASGPGPQGPGPQGPGPYVPGPQGPGSYGPSGPGSAAAAAAAAAAASGPGPSGPAPQGPGAYGPRPQAPGGYGPSGPGGAAAAAAAAAASGPGGQ
GenerateSequence<0.17,0.08,0.17,0.2,0.18,0.0,0.31,0.48>; NDVSSSASSSAAAGGYGQASAGGYGQAVSASAGAGGYGQGQQSYGSGTATAAGAGGYGAQQGYGAGSVSESAASAAAGAAAQQNYSAGSTASAAVAAGAGGYG;ANEVSYGGSSGGAASASAAAGGYGGSAPSSGGYGSGPSYGPSGSSSSQVSVSSAGGYGPGPQGPSGPAPQGPSGPVQQGPSGPAPQGPSGPGSYGPGPQGPSTSFSLSVSSSRGPNGYGPGPQGPSGQQGPSSQGPSGYGPGASASAAAAAAGGAGGLGGNQGGYGSGRGGQGAGQGGYGSGQGGQGGQGAGASAAAAAAAAGGAGGLGGNQGGYGSGRGGQGAGQGGYGSGQGGQGGQGAGASAAAAAAAAGGAGGLGGNQGGYGSGQGGQGAGQGGYGSGQGGQGGQGAGASAAAAAAAAGGAGGLGGNQGGYGSGRGGQGAGQGGYGSGQGGQGGQGAGASAAAAAAAAGGAGGLGGNQGGYGSGRGGQGAGQGGYGSGQGGQGGQGAGASAAAAAAAAGGAGGQGAGQGGQGGYGSGQGAAAAAAAAGGLGGYGSGLGGAGQGGQQGAGQGGQGAGQGGQGGYGSGQGAAAAAAAAGGLGGYGSGLGGAGQGGQQGAGQGGQGAGQGGQGGYGSGQGAAAAAAAAGGLGGYGSGLGGAGQGGQQGAGQGGQGAGQGGYGSGQGAAAAAAAAGGLGGGQGGYGSGLGGAGQ
GenerateSequence<0.17,0.08,0.17,0.2,0.18,0.0,0.31,0.48>; AAAAGGAGGQGGYGDGQGGYGTGLGGYGAGSGGAGSGAAAAAAGGAGGQSGQGGGYGGQGGDVDYGSGGYGPGGSAAASAAAAAGSGGQGSGGSGQGNNGYGPSAAAAAAGGSGGYGPGGYGPGGSGPGGYGPGESGPGGAAAAAAAAASALSSPASTSRISSAVSRLVSSAQPSIQNSISHFRPPINVESAQQGPSSQRPQGPGSQGPSGPGQQGPSGYGPSGPGSQGPSGPGSQGPGGYGPGAQGPSGPGQQGPGGYGPGGSGQNGPSGPGGAAAAAAAAGPGGYGPGGQGPSGPGSAAAAAAAAAGPGGYGPGQQGPGQQGPAGYGPSGPGSAAAAAAAAAGPGGYGPGQQGPGQQGPAGYGPSGPGSAAAAAAAAAAAGPGGYGPGQQGPGQQGPGQQGPAGYGPGSAAAAAAAAGAGTAGYGPGQQGPGQQGPAGYGPGSAAAAAAAASGGPGGYGPGQQGPGQQGPAGYGPSGPGSAAAAAAAAAAAGPGGYGPGQQGPGQQGPGGYGPGSAAAAAAAAAGYGPSGPGSAAAAAAAAAGPGGYGPGQQGPGSAAAAAAAASGPGGYGPGSQGPSGPGGYGPGSAAAAAASGPGGYGPASSGPSGPGGAAAAAAAASGPGGYGPGSQGPSGPGGFGPGQQGPSGPGGAAAAAAAAASGPGGYGPGQQGPGGPGAAAAAAAGEGNGGLGY;PGGYGPGSQGPGAQGPSGPGSQGPYGPGSQGPGGASAAAAAAASGPGGYGPGSQGPGAQGPSGPGSQGPYGPGSQGPGGASAAAAAAASGPGGYGPGSQGPSQQGPYG
GenerateSequence<0.27,0.28,0.41,0.15,0.42,0.18,0.21,0.37>; GGAGAAAAAAAGGAGGAGQGGQGGLGAGQGYGAGSGGQGGYGQGGAGAAAAAAAGGAGGAGQGGQGGLGAGQGYGAGSGGQGGYGQGGAGAAAAAAAGGAGGAGQGGQGGMGAGQGYGAGSGGQGGYGQGGAGAAAAAAAAGGAGGAGQGGQGGLGTGQGYGAGSGGQGGYGQGGDGAAAAAAAAGVAGGSGQGGQGGMGGGYGQGGYGQGAAGAGQGGSGAAAAAAAAGGAGQGGQGGLGGYGQGGDGAAAAAAAAAGRGGYGQGGYGQGGVGQGGAGAAAAAAAAAGGAGQGGQGGLGGYGQGGAGQGALGGYGQGGAGAAAAAAAASGAGGAGQGGQGGYGSGQRGLGGLGGQGQGGTGQGGAAAAAAAASGVYGQGYGPGQGGQGSGAAAAAAAAAGGQGGQGGYGQGGQGQGGQGGYGSGAGGAGQGGYGGAAAAAAAAAGGAGQGGQGGYGQGGYGQGGYGQGGQGGYGQGGQGSGAAAAAAAAAGGQGGQGGYGQGGQSGQGGQGGYGQGGQGSGAAAAAAAAAGGAGQGGQGGYGQGGYGQGGQSGQGGQGGYGQG;ANEVSYGGSSGGAASAGASAAAGGYGGSAPSSGGYGSGPSYGPSGSSYQVSVSSSSSGSQGPSGPAGPVQQGPSGPAPQGPSGPGSYGPGPQGPSGPGSYGPGPQGSSSSVSIAVSSTRGPSGYGPGPQGPSGPQGPSGPQGPSGPQGPGQQGPSGYGPGASASAAAAAAGGAGGLGGQGGQGGYGSGQGGQGGYGSGLGGQGGQGAGASAAAAAAGGAGYGEVGQGGQGAGAAAAAAAAGGLGGQGGQGGYGSGQGGQGGYGQGGQGAGAAAAAAAAGGAGGLGGQGGYGSGQGGQRGQGAGAAAAAAAAGGLGGQGGQGGYGSGQGGQGGYGQGGQGAGSAAAAAAAAAAGGAGGLGGQGGYGSGQGGQGGY
GenerateSequence<0.27,0.28,0.41,0.15,0.42,0.18,0.21,0.37>; AAAAGGAGGQGGYGDGQGGYGTGLGGYGAGSGGAGSGAAAAAAAAGGAGSAGQGGLGAGQGYGSGLGGQGGAGQGAAAAAAAAAAAGGSGGQGGYGDGQGGYGTGLGGYGAGRGGAGSGAAAAAAAAGGAGGAGQGGLGAGQGYGTGLGGQGGAGQGAAAAAAAAAGGSGGRGGYGDGQGGYGTGLGGRGGAGSGAAAAAAAAGGAGGAGQGYGSGLGGLGGAGQGGAAAAAAAAGGAGGQGGYGSGPGGYGSGQGGAAAAAAAAAGGAGGAGQGGLGAGQGY;GPGGASAAAAAAASGPGGYGPGSQGPSGPGSQGPGGPGSQGPYGPQGPGGASAAAAAAAASGPGGYGPGSQGPSGPGSQGPGGQGPYGPGSQGPGGQGPYGPQGPGGASAAAAAAASGPGGYGPGSQGPSGPGSQGPGGQGPYGPGSQGPGGQGPYGPQGPGGASAAAAAAASGPGGYGPGSQGPSGPGQQG
GenerateSequence<0.2,0.08,0.07,0.07,0.12,0.09,0.63,0.62>; NTVSASASAGGGGGGGGGGGYGGASGAAAAAAAAGGYGPGAGGAGQQGPGGSGSGGAGQGGAGSAAAAAAAAGAGGQGGQGGQGGAGSGASGAGGAGAGQGGQGGAGSAAAAAAAAASTGGQGGYGAGQGGQGGSSAAAAAAAAAAAGGQGGQGGYGNQGGYGAGQGGQGGSSAAAAAAAAGGQGGYGAGQGGASAAAAAAAAAAGGQGGQGGYGNQGGYGAGQGGQGGSSAAAAAAAAAAASAGGQGGQGGYEEIISSGPGGYGPGGYGPGGYGPGGSGPGGYGPGQAGVGASASASGGPGGQGGYGSGQPGGYGDSSAAAAAAAAGGPGGYGSGQGGQGGSGLGGQGGYGSGQGGLGGGSAASAAAAAAGGPGGQGGYEEIITSGPGGYGPGSQGPGGNSVGYGSQGPGSGGSGSSAAAVAGGSGGQGGYGDGSGQGGQGGSSAAAAAAAAAAGGPGGYGSGQGGTVADQGGQGGQGGYGAGQGGAASAAAAAASGQGGQGGYGNQGGYGAGQGGQGGSSAAAAAAAAAAGGPGGYGPASAAAAAAAAGGSGGQGGQGGSGLGGGYGGQQGGQQGGQQGGYGSGQGGLGGGASAAAAAAAAAGGAGGSGQGGQGGYGNQGGYGSDQGGQGGSSAAAAAAAAAAACATGGSGGRQGPQGGSRQGGQGGQGGYGS;VSASAPGGGGSGINEISSSASSGGGGGGGGGRGRETEEREEGGRFKKRA
GenerateSequence<0.2,0.08,0.07,0.07,0.12,0.09,0.63,0.62>; GYGPVSGPGSAAAAAAAASAGGPGGYGPVGPGGVGPGGVGPGGAGPGQYGSSSSSVSSSSGYGAPTSSSSSGPYGPVGSGPGGSGSEYPGGAGPQGPSAQGGAGGAGLYGPGGAGNLGYEGSGGASAGPGGQGLYGPSVGPGQAAGGTGPSGSGPLGPSPVEENVNEAANMAFASSMAEIATASEEGGSSMSVKTTEQKTNAATSDTSYGPSQTISYTNEVSASASAAGAGAGSGGNGPGYGQVLGGARSGTGYGAPSAGAPSGYGPSASVSVSASVAGGAYGQNGPGSGGQAAGYGPIGGGSSAGQQQYGPSSGYGPYRPSGPGSASAAATAAGSGGYGSGGAYGPGQGAGPGGYGPGSSAAAAAAASGSGPGGYGPGNQGPSGPGSAAAAAAATGGYGPGGQGSYGPGGYGPSGTSAAAAAASGYGPGQQGPGGSGSGGPGQGGPGGASAAAAAAAGGGGGGPGGYGPGSQGPGGPGGYGPGQQGPGQQGPGGYGPGSYGPGSQGPGGYGPGSGGASAAAAGGGGGQ ;AAGGYRPGSGQQGPGQQGPGSGGQQGPGGQRPYGPGAAAAAS
GenerateSequence<0.2,0.08,0.07,0.07,0.12,0.09,0.63,0.62>; SGPGGAAAAAAAAAAGGPGGQGPSGPGQQGPGSYGPSGPGQQGPGSYGPSGPGQQGPGGYGPSGPGGAAAAAAAAAAGGPGGQGPYGPGQQGPGGYGPSGPGGAAAAAAAAAGGPGGQGPYGPGQQGPGGYGPSGPGQQGPGGYGPSGPGGAAAAAAAAAGGPGGQGPSGPGQQGPGGYGPSGPGGAAAAAAAAAGGPGGQGPSGPGQQGPGGYGPSGPGGAAAAAAAAAGGPGGQGPYGPGQQGPGGYGPSGPGQQGPGGYGPSGPGGAAAAAAAAAGGPGGQGPSGPGQQGPGGYGPSGPGGAAAAAAAAAGGPGGQGPYGPGQQGPGGYGPSGPGQQGPGGYGPSGPGGAAAAAAAAAGGPGGQGPYGPGQQGPGGYGPSGPGAQGPGQQGPGGYGPSGPGGAAAAAAAAAAGGPGGQGPSGPGQQGPGGYGPSQQGPGSYGPSGPGAAAAAAAAAGGQGPYGPGQQGPGQQGPYGPSQQGPGSY;QGPSPYLPGPSVSVTTIRGPGPQGPGPQGPGPQGPGPQGPGPQGPGPQGPGPQGPGPQGPGPQGPSPYGPSAAVSTVSVGAYGPGPSGPSPQGPGSGG
GenerateSequence<0.28,0.25,0.1,0.07,0.29,0.58,1.0,0.3>; NTVSASASAAAGGGYGAPSYSPSSYGPAPQSSAARAGGYGAPAQVGLGGQGPSGTGIAGAGQNAGQGGQYGAGAGAASAAAAAAGGAGQGGQGGQQGYGNRGAGSGAGAGAGGQGGYGAGQGGQGAGGSAAAAAAAAAGYGGQGGLGSQGGLGGYGSGLGGQGGYGSGQGAGSAAAAAAAAGGQGGQGAGSQASGAAAAAAAGGAGGQGGYGAGLGGQGGYGSGQGSAAASAAAAAAGGAGGLGGQGGYGSGLGGQGGYGSGQGGQGAGSAAAAAAAAGGRGYGSGLGGQGGYGSGQGGLGQGGYGSGQGGQGAGSAAAAAGGAGGLGGQGGQGGYGSGQGGGQGGLGGIGGGASSASAAAAAGGLGGQSGYGGQGQGGYGSGQGGQGAGASAAAAAAAAGGAGGLGGQGGYGSGRGGQGGYGSGQGGQGQGGLGQGGYGSG;STSSASVSYSAGGQGGYGGFGLKGATGTEQGGYGGGQAGAAAAANGGAGGVGQGIFDTGGVGQRYGDGISDLGGATASAAATGGQGGYGSSQGAGETRQGGYGSGLGGAESTAAAAEAGGARGAAQGRLDGAGQVYGAGLGAQGGAGQLDAASAAAAAGGQGGQGGYAGLGSQAAGGVRQGGYESGLGGAGSTAATEGAEQGGLGAGQVYGAGLGGQGGSEQDGAAAAAAGGAGQGGYGGLGTQQSGGAVQEGYGSGLESAGSAEAAGGAGQGGLSAGGAGQGYGAGLGGQRYGAGLGRQGGSGQGGDTAAAEAAGGQGGQDSYGGLGSQRAGAAGQGRHGSGQGGAGSGAAGSTGQGGLSAGGAGQGYGAGLGGQRGAARCGATAGAAAARDRTEARKESSHGSLEY
GenerateSequence<0.28,0.25,0.1,0.07,0.29,0.58,1.0,0.3>; TNEVSSSAGSGGGSGGGSGGGYGPGSYSSASAVSVSGPGPQRPSGPSPRGPSGYRPSGPSSQGPSPQGPTPQGPSPQGPYGPGPSVSVATVSGPYGPGPSGPGPQGPSPQGPSPQGPYGPGPSVSVATVSGPYGPGPSGPGPQGPSPQGPSGPGPQGPGPMGPYPQGPAPQGPSPQGPSPQGPSPQGPYGPGPTVSVATVSGPSGPGPSGPSPQGPTPQGPSPQGPYGPGPSVAVATVSGPYGPGPSGPGPQGPSPQGPSGPGPQGPGPMGPYPQGPAPQGPSPQGPSPQGPSPQGPFGPTVSVATVSGPSGPGPSGPGPQGPSPQGPSPQGPYGPGPSVAVATVSGPYGPGPSGPGPQGPSPQGPSGPGPQGPGPMGPSPQGPSGPGPQGPSPQGPSPQGPYGPGPTVSVATVSGPYGPGPSGPGPQGPSPQGPSPQGPYGPGPSVAVATVSGPYGPGPSGPGPQGPSPQGPSGPGPQGPGPMGPSPQGPAPQGPSPQGPSPQGPSPQGPSGPGVSVSVATVSGPYGPGPSGPGPQGPSPQGPSGPGPQGPGPMGPSPQGPSGPGPQGPSPQGPSPQGPSPQGPYGPGPTVSVATVSGPYGPGPAGPGPQGPSPQGPSPQGPYGPGPSVAVATASGPYGPGPSGPSPQGPSRQGPSGPGPQGPASRGPSPQGPYGPGPSGPGPQGPSPQGPGPQGPYGPGPTVSVATVSGPYGPGPSGPGPQGPSPQGPSGLGPALMGPSPQRPSPQGPSPQGPSPQGPYGPGPSVAVATVSGPYGPGPSGPGPQGPSPQGPSPQGPYGPGPSVSVATVSGPYGPGPSGPGPQGPSPQGPSGPGPQGPGPMGPYPQGPAPQGPSPQGPSPQGPSPQGPYGPGPTVSVATVSGPYGPGPAGPGPQGPSPQGPSPQGPYGPGPSVAVATAS;TNEVASSAASAGGGSGGSYGQGSYAYASAAGTYGSAAQQGGYAPAQGTSQQGPVSQGPYGPNASVAAAAVGGYGPQGPSGPGPQGPSGPGPQGPSGPGPQGPSGPGPQGPSGPGQQGSGSQGPYGPVAAVAAAGGYGPGAGGQQGPSGPGPQGPSGPGPQGPSGPGPQGPSGPGQQGSGSQGPYGPVAAVAAAGGYGPGAGGQQGPTGPGPQGPSGPVPQGPSGPGPQGPSGPGPQGPSGPVHQGPGGQGPYGPCAAAAAAAAGGYGPGAGGPQGPGGAGPQGPSGPGQQGPGGQGPYGPGAAAAAAAAGGYGPGAGGPQGPGGAGPQGPSGPGQQGPGGQGPYGPGAAAAAAAAAGGNGPGTRGPQGPGGAT